id,accommodates,bathrooms,bedrooms,beds,price
7087327,4,1,1,2,160
975833,6,3,3,3,600
8249488,1,2,1,1,50
8409022,2,1,1,1,95
8411173,4,1,1,1,50
8634774,4,1,2,4,99
8498095,4,2,2,2,100
8513660,2,1,1,1,100
8298145,2,1.5,1,1,38
295345,2,,1,1,71
1745866,4,1.5,2,2,97
7678268,1,1,1,1,55
8457865,2,1,1,1,50
6757134,2,1,0,1,99
295346,2,,1,1,60
8479636,2,1,1,1,52
2310297,1,1,1,1,23
6556520,2,1,1,2,200
8519782,4,1,2,2,40
8606980,2,1,1,1,135
8485995,2,1,1,1,100
8607216,2,1,1,1,225
8568945,7,3,4,3,129
333613,1,1,1,1,149
1026034,4,1,1,2,150
2486785,4,1.5,1,1,175
1822257,3,1,2,2,239
5220279,4,1,1,2,65
3419118,2,1,1,1,71
805961,2,1,1,1,80
3362,4,2.5,1,3,250
93551,2,1,1,1,138
68962,2,1,1,1,94
3469191,5,2.5,2,2,283
6778286,3,1,1,3,127
495042,6,1,1,3,79
7220873,3,1,1,1,110
7524042,6,1,1,6,38
5990979,9,2.5,3,5,480
1086168,6,2,2,3,372
6688513,3,1,1,2,125
3890477,2,1,1,1,89
6262632,1,1,1,1,80
1519460,5,1,0,3,90
5173258,3,1,0,2,110
3985441,3,1,2,3,100
5089898,4,2,2,2,250
7150515,1,1,1,1,55
7132107,3,1,1,2,55
813573,2,1,1,1,400
8473096,1,1,1,1,35
2117627,4,2,2,2,160
7254795,4,2.5,2,2,130
8567059,1,1,1,1,50
5912004,2,1,1,1,150
2940776,2,1.5,1,1,40
8519673,2,1,1,1,45
8552222,2,2.5,1,1,55
4694155,2,1,1,1,200
4286181,2,1,1,1,65
2523708,4,1.5,1,1,94
861775,1,1,1,1,65
2517969,5,1.5,1,1,64
7368860,2,1,1,1,59
403647,1,,1,,125
1875603,3,1.5,1,1,74
6133697,3,1,1,1,69
8523150,1,1,1,1,49
8172001,2,1,1,1,60
7582828,2,1,1,1,69
5375538,4,1,1,2,157
6564932,3,1,1,1,128
3504621,2,1,1,1,135
2237591,2,1,1,1,90
4468217,2,1,1,1,102
8089814,3,1,1,1,99
5759630,2,1,1,1,195
321642,4,1,1,2,160
7219322,2,1,1,1,95
7973221,2,1,1,1,120
8191407,6,2,2,3,249
7860122,2,1,1,1,88
7973954,2,1,1,1,90
8503615,2,1,,1,150
8606829,2,1,1,1,125
374043,2,1,1,1,85
4251323,3,1,1,2,400
4430318,2,1,1,1,120
454026,10,2,4,4,215
6448095,2,0.5,1,1,90
4597473,2,1,1,1,50
5023531,5,1,1,2,100
7769625,4,2,2,2,65
7826994,2,1,1,1,55
792578,8,2.5,3,1,129
7384867,1,1,1,1,45
212586,5,2,2,2,299
786804,5,2,2,2,309
8595649,7,1,2,4,375
4729118,4,2,2,3,180
2790026,4,1,1,1,149
5844616,5,2,2,3,337
96259,4,2,2,2,299
23378,3,1,1,1,249
5405828,3,1.5,0,1,126
8167267,2,1,1,1,99
4808149,4,2,2,2,299
924888,2,1,1,1,199
4659838,3,1,1,3,89
8664363,2,1,0,1,165
786693,4,2,2,2,309
8133514,2,1,0,1,115
1304225,4,1,1,2,130
7637938,2,2,1,1,95
6744470,1,1,1,1,50
5869529,3,1,1,1,569
3672217,1,1,1,1,55
7596192,2,1.5,1,1,49
6900870,4,1,2,2,250
36943,2,,1,1,198
1839589,5,2,2,3,311
2115864,2,1,0,1,95
7825726,1,1,1,2,59
3172888,2,1,1,1,167
6106389,3,1,1,1,165
2477325,3,1.5,1,1,104
805490,2,,1,1,99
4811421,4,1,1,3,159
6430122,2,1,0,1,190
4044606,3,1,1,2,246
6376317,3,1,1,2,200
1584147,3,1,1,2,215
8514469,4,2,2,2,450
7572512,3,1,1,1,234
2477330,2,1.5,1,1,110
7916003,4,2,2,2,225
216398,3,1,1,1,249
7114075,2,1,1,1,109
7258774,4,2,2,2,250
3961511,4,1,1,1,135
5353107,3,2,1,2,87
536232,4,1,1,1,210
3477770,10,2,3,6,300
5411135,2,1,0,1,189
4772168,2,1,1,1,120
7474964,2,1,1,1,200
2707225,3,1,1,2,269
7630675,3,1,1,1,569
6288255,4,2,2,2,120
6812558,1,1,1,1,109
6626883,3,1,1,1,150
1562024,3,1,1,1,95
6370764,4,1,1,2,119
8390917,2,1,1,1,97
2339961,2,1,1,1,99
3593404,2,1,1,1,295
6542545,2,1,1,1,149
6911905,2,1,1,1,110
8460219,5,1,2,3,180
7870051,2,1,0,2,150
1498731,6,1,0,3,150
4629445,5,2.5,2,2,155
14570,3,1,1,2,85
1624943,2,1,1,1,130
3421927,3,1,1,1,120
6792155,2,1,1,1,90
2578477,2,1,1,2,149
6953508,3,1,1,1,569
5691723,4,1,1,1,180
6844024,1,1,1,1,55
3258728,4,1,1,1,229
8042913,2,1,1,1,75
6781783,3,1,1,1,569
1170249,2,1,1,1,105
1287319,2,1,1,1,259
7769970,2,1,1,1,120
5577993,3,1,1,2,119
8015877,2,1.5,1,1,139
6574122,1,1,1,1,90
4427874,1,1,1,1,109
2642542,4,1,1,2,150
1535272,5,1,0,3,295
176369,3,1,1,1,210
1529367,6,1.5,2,2,329
8081791,2,1,0,1,125
8532371,2,1,1,1,150
1173115,3,1,1,2,175
7582553,3,1,1,2,129
940952,2,1,1,1,239
801699,2,1,1,1,250
1391504,4,1,1,2,168
7804254,2,1,1,1,79
8534537,1,1,1,2,65
3635723,4,2,2,2,290
8408614,6,1,1,3,725
7067790,2,1,1,1,109
8304399,4,1,1,2,99
6846210,3,1,1,1,569
7132818,4,1,1,2,120
6370883,2,1,1,2,290
3380059,3,1,1,1,145
343200,4,1,1,1,210
4588047,1,1,1,1,90
8423417,2,1,1,1,99
2271727,4,1,1,1,399
18883,2,1,1,1,239
1403549,2,1,1,1,150
6870636,1,1,1,1,199
3710056,2,1,1,1,135
524237,4,1,1,1,295
7257104,5,2,2,3,429
892183,8,2.5,4,4,400
5862599,6,2,2,3,295
195344,4,1.5,1,2,179
20832,4,2,2,2,309
7109438,3,2,1,2,90
7053307,2,1,1,1,43
7790166,1,1,1,1,120
6790744,4,1,2,2,269
2346018,2,1,0,1,150
2563683,2,1,1,1,269
2309866,4,1,1,1,185
267813,2,1,1,1,120
8338737,8,2,2,3,220
4644205,3,1,1,2,99
8428938,2,1,1,1,99
2039329,4,1,1,2,250
4807923,2,1,1,1,249
2170732,3,1,1,2,259
4378992,5,2,2,2,300
34180,3,1,1,1,289
5946361,2,1,0,1,200
5792783,2,1,1,1,249
7616647,1,1,1,1,81
8410280,2,1,1,1,200
7502313,8,1,2,4,194
7039348,2,1,1,1,89
811040,2,1,1,1,159
8454224,2,1,0,1,85
1989187,4,1,1,1,100
8482899,2,1,1,1,189
6660622,3,2,1,1,150
7922208,5,1,2,3,175
8291377,2,1,1,1,120
7875951,3,1,1,1,155
6967482,5,2,2,2,629
2171039,5,2,2,3,311
8286241,3,1,1,1,571
762058,6,2,2,2,339
316796,4,1,1,2,210
786670,4,2,2,2,299
5423355,2,1,1,1,170
8509689,1,1,1,1,135
7848895,4,1,2,2,245
17377,3,1,1,1,249
8291438,2,1,1,1,99
8610929,4,1,0,1,149
4240916,1,1,1,1,99
5039240,6,2,2,2,295
6074361,6,2,2,2,400
7554288,1,1,1,1,65
475420,1,1,1,1,99
6881600,8,1,2,4,179
5020383,4,1,1,1,150
6676843,4,1,1,1,140
4832639,3,1,1,1,179
7807724,2,1,1,2,135
8405767,3,1,1,2,250
5260553,2,1.5,1,1,95
7990478,6,1,2,2,170
5952761,5,2,2,2,299
6404138,2,1,1,1,150
867430,4,1.5,1,1,250
5307479,2,1,0,1,105
7819662,3,1,1,1,120
8289426,3,1,1,1,399
7629993,5,2,2,2,629
6953706,3,1,1,1,569
3985853,2,1,1,1,70
4305324,2,1,0,1,110
1839373,3,1,1,2,259
5374980,2,1.5,1,1,99
5145487,8,1.5,3,3,289
4606872,4,1,1,2,124
54345,2,1,1,1,259
8407390,2,1,0,1,80
5894748,2,1,0,1,96
130470,4,1,2,2,189
704025,3,1,1,1,289
1085657,3,1,1,1,299
7559867,6,1,2,2,170
7815293,2,1,1,1,130
7225840,4,1,1,1,149
1901094,3,1,1,2,259
3768871,6,2,2,3,349
7545928,2,1,1,1,78
8356095,2,1,0,1,125
4481897,2,1,1,1,95
5538672,2,1,0,1,130
1966995,2,1,1,1,72
6938781,4,1,1,2,175
1901533,3,1,1,2,246
4457588,3,1,0,1,140
6956166,2,1,0,2,65
4727087,2,1,0,1,125
7258693,4,1,1,1,85
90734,3,1,1,1,309
6791838,3,1,1,1,569
4580081,4,1,0,2,150
623373,4,,2,2,279
4266897,4,1,1,2,154
5047724,4,1,1,2,165
2262461,3,1,1,2,149
8160707,2,1,0,1,104
2594382,1,1,1,1,125
4408795,3,1,1,2,259
8446490,3,1,1,1,155
1079181,2,1,1,1,259
100440,3,1,1,1,189
1853555,4,1,1,1,110
7112427,1,1,1,1,58
3090274,2,1,1,1,68
1058667,4,2,2,2,309
3047590,2,1.5,1,1,160
7604187,2,1,1,2,80
6797009,3,1,1,1,569
8407813,4,1,1,1,103
5870042,5,2,2,2,629
5114143,5,2,2,3,324
5220930,2,1,0,1,90
155756,4,2,2,2,329
1065411,4,2,2,2,299
248536,5,2,2,2,349
6645543,3,1,0,1,95
240495,3,1,1,1,189
2590533,5,2,2,3,324
5202425,4,1,0,1,100
6221367,4,2,2,2,299
7131054,4,1,1,1,215
1003509,5,2,2,2,319
924924,2,1,,1,155
36541,3,1,1,1,209
807680,2,1,1,1,249
2641263,4,2,2,2,329
7615495,2,1,0,1,99
4565171,5,2,2,3,324
8303678,4,1,2,2,168
6214131,4,1.5,2,2,215
234238,2,1,0,1,159
6968141,5,2,2,2,629
6181730,5,2,2,2,629
6878647,2,1.5,1,1,89
3020248,1,1,1,1,36
8541684,2,1,0,1,100
7910362,2,1,1,1,115
34000,2,1,,1,239
7853213,1,1,1,1,100
1029369,3,1,1,1,189
5870899,2,1,0,1,159
8615548,1,1,1,1,100
4258011,1,1,1,1,100
3930336,2,1,1,1,160
8034375,2,1.5,1,1,130
5003334,4,1,1,2,125
4385129,3,1,0,2,115
2570378,4,1,1,2,189
8632665,4,1,1,2,140
8443024,4,1,1,2,"1,000.00"
5814764,3,1,1,2,165
3151012,2,1,0,1,115
22943,3,,1,1,249
6986245,2,1,1,1,132
2378200,2,1,1,1,189
6397726,1,1,1,1,79
605953,2,1,1,1,239
965878,2,1,1,1,150
2006388,3,1,0,2,96
821164,2,1,1,1,139
6356416,2,1,0,1,99
7298509,1,1,1,1,56
703986,3,1,,1,219
1029378,2,1,1,1,295
4251432,1,1,0,1,100
7716746,3,1,0,1,229
898544,6,2,2,3,300
5627886,2,1,0,1,120
3650599,2,1,0,1,105
6527306,2,1,0,1,108
7192467,4,1,0,2,118
898543,6,2,3,3,310
6003263,4,1,1,1,100
7090899,6,2,2,2,188
7619081,1,1,1,1,65
7084819,4,1,0,2,116
7379567,3,1,1,1,149
5940622,2,1,1,1,150
5838952,2,1,1,1,70
4601641,2,1,1,1,130
2351587,1,1,0,1,95
6683798,3,1,0,2,165
597427,2,1,1,1,155
1901611,5,2,2,3,324
4427676,2,1,0,1,150
5228382,2,1,1,1,109
7978419,2,1,1,1,110
6487066,5,2,2,3,324
2729723,2,1,1,1,60
1943175,2,1,0,1,160
6588026,3,1,0,2,95
8054222,3,1,0,1,128
4706142,1,1,1,1,50
5953026,6,2.5,3,6,75
8309843,2,1,1,1,135
98065,3,1,1,1,249
7912558,2,1,1,1,120
4157905,5,1,1,1,179
7005310,1,1,1,1,53
3694657,2,1,0,1,115
7004468,1,1,1,1,70
140290,4,1,1,2,159
17378,2,1,1,1,209
6835222,3,1,1,2,50
4292522,2,1,1,1,175
5396268,3,1,1,2,130
2648427,9,2.5,5,5,329
4957202,1,1,1,1,64
8335947,2,1,1,1,70
123354,2,1,1,1,80
8381308,5,2,3,3,800
8496424,4,1,1,1,41
3698666,2,1,1,1,55
2987397,4,1,1,1,65
2550485,3,1,1,1,42
3700395,6,2.5,1,4,60
5201730,2,1,1,1,39
4532386,6,2,2,2,300
8580901,2,1,1,1,100
7636407,1,1.5,1,1,60
175608,6,1,2,3,140
4789130,2,1,1,1,95
7460760,2,1,1,1,150
3677616,2,1,1,1,214
32584,4,1,1,2,129
8592549,2,1,0,1,100
3800452,2,1.5,1,1,120
1326629,4,1.5,2,2,399
4882316,2,1,1,1,84
6462055,2,1,1,1,110
7910505,5,2,2,2,200
5143177,4,1,0,2,120
6363926,2,1,1,1,83
181913,6,1,1,3,79
7644224,7,2,4,4,299
4382725,3,1,1,2,207
3303757,2,1,1,1,55
2302031,2,1,1,1,85
4315895,2,1,1,1,135
6480338,3,1,1,1,100
3432966,4,1,1,1,70
8364554,3,1,0,1,100
1663504,4,2,2,2,230
6317095,2,2,1,3,140
3352155,6,2,3,3,495
4210884,2,1,1,1,115
8536274,1,1,1,1,65
344264,2,1,0,1,115
8284881,2,1,1,1,99
5373844,2,1,0,1,158
6881428,10,4.5,4,5,399
5292195,2,1.5,1,1,150
17380,4,2,2,2,289
290001,4,1,2,2,150
3281062,2,1,1,1,350
2499606,5,2,2,3,298
7103610,1,1,1,1,70
4351099,2,1,1,1,130
3818629,2,1,1,1,100
853132,2,1,1,1,125
6686241,3,1,1,2,150
6005894,1,1,1,1,95
4244705,3,1,1,2,130
8166186,3,1,1,1,250
7414087,4,1,1,1,175
6119766,2,1,1,1,69
6435116,2,1,1,1,175
5228009,2,1,1,1,85
5121189,4,1,2,2,180
52092,6,1,2,3,150
3173259,3,1,1,1,139
7482822,2,1,1,1,111
3478199,2,1,1,1,95
3808204,1,1,1,1,85
3601131,3,1,1,1,115
3475480,4,2,2,2,199
1650856,2,1,1,1,150
5755232,4,1,1,1,115
4501,1,2.5,1,1,99
8008094,2,1,0,1,85
6289478,2,1,1,1,193
2429958,5,2,2,3,298
6001683,1,1,1,1,63
7853097,8,2.5,3,5,299
4248660,4,1,1,1,185
4846107,4,1.5,2,2,120
25354,2,1,1,1,125
1831701,2,2,1,1,110
3527448,1,1.5,1,1,93
6403422,2,1,0,1,80
6509966,2,1,1,1,195
2350674,2,1,1,1,90
3415424,4,2,2,2,250
6193902,2,1,1,1,225
248402,3,1,1,1,135
1020928,2,1,1,1,259
4764798,2,1,0,2,60
6576022,2,1,1,1,60
8221932,2,1,0,1,100
7836962,4,1,1,1,100
6673960,3,1,1,1,109
7935536,10,1.5,3,4,312
2248413,4,1,0,2,175
7622253,4,2,2,2,375
7174384,2,1,1,1,71
8542489,2,1,1,1,110
6796992,2,1,1,1,75
7036591,4,1,1,3,150
6135500,4,1,1,1,120
6658339,4,1,1,2,119
6056475,2,1,1,1,200
7637775,12,3,5,6,600
3611826,3,1,0,2,175
7999372,2,1,1,1,119
6759650,3,1,1,2,209
8240470,3,1,1,2,135
7708030,2,1,1,1,45
7781787,8,1,2,3,250
6950129,2,1,1,1,80
8542706,2,1,1,1,110
7749119,4,1,1,3,150
4144992,1,1,0,1,105
8126343,6,2,1,3,119
7128350,2,1,0,1,90
7897016,12,3.5,4,4,340
4358078,2,1,0,1,180
6258721,4,1,1,2,265
8371081,2,1,0,1,105
884598,4,3,1,2,240
501809,2,1,1,1,98
5930230,2,1,1,1,112
1120704,3,1,1,1,110
7068640,4,1,1,3,140
7581347,1,1,1,1,70
3898306,5,1,1,4,229
5364935,4,2.5,2,2,162
5028605,2,1,0,1,102
6018637,2,1.5,1,1,73
5878667,4,1,1,2,190
407014,6,1,1,3,149
4783987,2,1.5,1,1,80
4567582,2,1.5,1,1,99
4392242,2,1,0,1,120
883253,5,1,1,2,150
8048581,14,3,5,7,599
7783012,1,1,0,1,62
6576257,2,1,1,1,50
4356890,5,1.5,2,2,240
3629759,2,1,1,1,139
4023806,2,1,0,1,150
6084012,5,1,2,2,250
7635699,1,1,1,1,68
630973,4,2,2,2,299
7644512,13,3,6,8,720
902573,2,1,1,1,200
6677954,2,1,1,1,71
741202,2,1,1,1,125
4105803,6,1,2,2,145
8154040,2,1,,,130
4089434,3,1,1,2,185
6391400,7,1,2,6,225
6400081,4,2,2,2,130
7637134,6,1.5,2,2,178
264326,1,1,1,1,80
1416138,1,1,1,1,90
2467457,2,1,2,1,125
1263456,4,1,1,2,120
7996960,1,1,0,1,80
6676975,2,1,1,1,100
1440897,2,1,1,1,105
7614937,2,1,0,1,128
7638278,6,1,2,4,300
5286718,4,1.5,2,2,275
1545409,3,1,1,1,200
6346461,5,1,2,3,280
5105996,2,1.5,1,1,99
4540800,5,2,2,2,175
7496108,1,1,1,1,97
5592949,3,1,1,2,130
6016203,2,1,1,1,215
1952972,2,1,1,1,75
2752580,4,1,1,2,185
6425823,1,1,1,1,70
8486100,2,1,0,1,97
8285432,3,1,1,1,130
1493666,2,1,1,1,120
879279,4,1,1,1,110
7677038,2,1.5,1,1,225
7125985,4,1,1,3,140
1135268,2,2,1,1,160
3987789,2,1,1,1,125
1775880,2,1.5,1,1,150
7435945,1,1,1,1,90
8587373,16,8,8,16,"1,250.00"
5838728,8,2.5,4,4,390
3782497,2,1,1,1,100
4813661,2,1,1,1,150
5127820,4,1,1,1,95
7637373,7,1.5,3,4,250
3927571,2,1,1,1,65
4247056,1,1,1,1,70
3577,7,1.5,3,4,290
1486761,2,1,1,1,120
6544617,6,1,1,3,130
4885834,2,1,1,1,84
7030990,2,1,1,1,129
6543007,3,1,0,1,125
3746270,3,1,1,1,150
6056411,3,1,1,1,130
4430806,2,1,1,1,210
2516656,6,2.5,3,3,497
6119696,2,1,0,1,100
7562725,6,3,2,2,300
7206477,3,1,0,2,108
6956831,6,2.5,2,2,300
5825904,4,1,1,2,75
5019362,2,1,1,1,120
17381,2,1,1,1,249
8460036,2,1,1,1,100
620849,4,1,1,1,125
7559119,1,1,0,1,145
1460558,4,2,2,2,330
2176992,1,1,1,1,60
3250140,2,1.5,1,1,69
5593096,4,1,1,2,130
957734,2,1,1,1,129
916200,2,1,1,1,249
1049354,6,1,1,3,79
3095566,4,1,1,2,164
8298054,6,2,2,3,164
6233678,4,2,2,2,299
5774984,2,1,1,1,130
925327,2,1,1,1,125
8339096,2,1,1,1,190
8486555,2,1.5,1,1,125
5144192,2,1,1,1,65
5761777,2,1.5,1,1,75
5671573,1,2,1,1,85
7933168,5,2,2,3,229
4867961,15,3,6,9,500
6937318,6,1,1,4,250
1883590,5,1,1,2,117
25366,11,2.5,3,3,298
7067692,6,1,2,4,200
7996425,4,1,1,2,110
6092885,2,1,0,1,120
4323458,10,3,3,6,450
1628328,4,1,1,2,99
194753,8,0,2,4,275
4089954,2,1,1,1,185
6273897,5,1,1,2,120
5856183,2,1,0,1,150
7453659,3,1,1,1,121
4817305,2,1,1,1,75
2241400,2,1,0,1,105
5888450,2,1,0,1,150
6602486,4,1,0,1,100
2423371,4,2,2,2,249
5145999,5,1,2,2,275
4160153,4,2,2,2,160
6333552,6,3.5,3,3,475
5405966,2,1,0,1,115
7242379,6,2.5,1,16,45
4112411,6,2.5,2,2,150
4559331,2,1,1,1,90
5018679,4,1,1,2,217
7509040,2,2,1,1,97
8049963,14,3,5,7,399
4256138,4,1,0,2,118
815855,4,1,1,2,130
7514236,6,1,1,6,36
4862698,4,1,1,1,100
7761251,3,1,1,1,125
4258818,7,2,1,4,300
8464830,4,2,2,2,199
7195951,4,1.5,2,2,150
5318614,2,1,0,1,125
1855756,2,1,1,1,110
8065288,4,2,2,2,320
6234417,2,1,1,1,88
3368085,5,3,3,2,329
3368308,2,1,1,1,99
7259793,1,1,1,1,59
339208,6,1,2,2,70
8506113,2,1,1,1,75
5140121,3,1,1,3,70
3674676,1,1,1,1,"1,300.00"
3693762,1,1,1,1,58
7109996,2,1,1,1,55
5785467,2,1,1,1,47
3095593,2,1,1,1,60
694383,4,1,1,2,135
7103,3,1,1,2,89
3767679,6,1,1,5,150
4012986,1,1,1,1,65
204051,5,1,1,2,109
55733,4,1,,3,99
5422197,2,1,1,1,69
5193327,4,2.5,2,2,300
5562632,4,1,1,2,114
5737493,1,1,1,1,100
862949,1,1,1,1,69
8317914,6,3.5,3,4,350
839320,1,1,1,1,100
6238251,1,1,1,1,115
204017,2,1,,1,99
5919184,1,1,1,1,43
8303653,1,1,1,1,50
6256693,9,2,4,4,380
160597,2,1,1,1,80
470593,2,1,1,1,149
7697813,1,1,1,1,39
4305902,3,1,1,3,50
5863019,5,1,0,1,115
8517414,9,3.5,5,6,850
6404307,1,1,1,1,58
4275023,11,4.5,6,11,650
3783156,4,1,1,2,150
6328123,2,1,1,1,99
140335,4,1,,2,110
6700757,1,1,1,1,40
6248254,2,1,1,1,110
2150015,3,1,1,1,165
5990643,5,2.5,1,4,600
1250851,8,4,5,6,299
6377478,2,1,1,2,120
2097166,6,2.5,3,4,260
7287026,2,1,1,1,125
2650125,8,4.5,4,5,500
5932025,3,1,1,2,175
6000894,1,2,1,1,33
5730369,3,1,1,3,40
4529,2,2,1,1,60
6034374,2,1,1,2,33
5970323,1,1,1,1,50
7050202,2,1,1,1,49
5429919,1,1,1,3,38
8323975,2,1,1,1,65
8225518,2,1,1,1,49
5170533,2,1,1,1,59
4482855,4,2,2,2,200
8267568,5,1,1,3,113
2532763,8,2,4,4,250
6374954,6,1,1,3,65
6678133,5,2.5,3,4,169
7524780,16,1,1,1,"1,000.00"
7693200,4,1,1,1,99
6924626,4,1,2,2,145
5040663,2,1,2,2,115
1886866,2,1,1,1,100
2544519,2,1,1,1,55
8596784,1,1,1,1,55
8629555,1,1,1,1,34
7237052,4,1,1,1,99
8441547,4,1.5,2,2,105
6205219,4,1,2,3,125
7573511,2,1,1,1,44
6608392,2,1,0,1,67
8263188,1,1,1,1,43
6886298,1,1,1,1,30
8090567,7,1.5,3,4,192
1455289,2,1,1,1,46
7591810,2,1,1,1,95
8496069,7,2.5,3,3,175
2528878,2,1,1,1,65
2274674,3,1,1,1,79
79866,1,,1,1,99
79867,1,,1,1,99
2677301,6,2,3,3,299
5893871,2,1,1,2,135
6404701,2,1,1,1,59
6601800,3,1.5,1,2,94
5977272,4,1,1,2,99
1162899,2,2,1,1,70
7335879,5,1,2,2,140
7716605,4,1,1,2,95
6201336,4,1,1,2,71
5652436,2,1,1,1,74
3538921,2,1.5,1,1,129
837317,2,1,1,1,150
8089819,2,1,1,1,70
7746671,3,1,1,1,60
3868696,2,1.5,1,1,79
3953560,2,1,1,1,79
3987784,2,1,1,1,120
914968,2,1,1,1,75
1114268,2,1,1,1,120
3677687,8,4,4,5,350
8141744,2,1,1,1,85
2531819,2,1,1,1,75
106741,12,2,5,5,215
3201115,2,1,1,1,96
5486834,6,2,2,3,165
4565447,7,2,3,4,239
4959218,2,1,1,1,72
6870134,2,1,1,1,60
1588843,2,1,1,2,90
1939655,4,1,1,1,128
7305255,4,1,2,2,150
7305237,2,1,1,1,75
3685810,5,2,2,3,350
6326984,4,1,2,2,195
7801335,1,1,0,1,95
4143309,6,3,3,3,350
7569713,2,0,1,1,85
654835,3,1,1,1,139
6979094,6,3,3,3,650
2748160,8,3,3,3,550
6822975,2,1,1,2,115
8421435,6,3.5,4,4,500
3522986,2,1,1,1,155
8200705,2,1,0,1,178
3860981,2,1,1,1,155
4325533,3,1,1,2,155
5002566,5,1,1,1,99
6587292,2,1,0,1,165
2966455,5,2.5,2,4,375
4400142,4,1,1,2,175
2950354,1,1,1,1,60
4074361,2,1,0,1,120
2966759,2,1,1,1,300
7513344,2,1.5,1,1,130
2974335,2,1,1,1,300
8555412,2,1,1,1,100
8608395,2,1,0,1,120
4767473,3,1,2,2,325
5318112,2,1,1,1,180
7972359,4,3.5,4,4,350
6555186,2,1,1,1,70
7915142,2,1,1,1,85
3238009,3,1.5,2,2,225
4417414,6,2,3,3,474
8440213,4,1,1,2,110
6957495,2,1,1,1,109
2984386,4,1.5,2,2,300
4936102,6,3.5,3,4,775
2582506,4,1,1,2,140
2754675,6,3.5,3,3,595
7809701,5,1,2,5,249
7984964,2,1,1,1,110
3272654,1,1,1,1,60
4877872,4,1,2,3,201
8645700,1,1,0,1,95
3476805,7,2.5,4,4,975
3549842,2,1,1,1,179
1994024,4,1.5,0,2,375
274737,1,1.5,1,1,125
6410010,2,1,0,1,120
3272563,4,1,1,2,200
7500451,4,1,1,2,129
6292258,6,1.5,2,3,225
4436703,2,1,0,1,185
627758,4,1,2,3,299
594394,1,1,1,1,65
8606256,4,2,3,3,600
8565538,4,1.5,2,2,375
8147851,2,1,0,1,122
8385930,3,1,1,1,300
820120,2,1,1,1,100
2700187,6,3.5,3,4,569
3431953,3,1,1,1,124
5166322,2,1,1,1,150
661720,3,1,1,1,175
6438519,3,1,1,1,105
5861058,4,1,2,1,220
88235,2,1,1,1,78
6052154,4,1.5,1,2,198
5028182,1,1,1,1,110
5249430,3,1,1,2,195
7232462,6,2,3,3,249
8190386,5,1,1,2,161
2685390,2,1.5,1,1,135
3791304,2,2,1,1,185
7384852,3,1,1,1,104
4545827,1,1,1,1,75
326938,3,1,1,2,139
2685655,6,1.5,2,2,350
6937355,3,1.5,2,2,239
2735710,5,2.5,2,3,450
638604,2,1,1,1,129
7274179,2,1,2,2,100
8035516,3,2.5,3,3,200
6481324,2,1,1,1,130
3997598,2,1,1,2,179
8683500,4,1.5,3,3,450
6456345,6,3,2,4,475
8645554,1,1,0,1,95
8645356,1,1,0,1,95
7429332,4,2,2,2,450
4773863,2,1,1,1,90
5903980,2,1,1,1,170
5372128,2,1,1,1,120
6037042,5,2,2,3,415
6939390,3,1,1,1,175
3360124,4,1.5,2,3,400
4546867,1,1,1,1,65
594405,2,1,1,1,65
6024676,5,2,2,3,515
1510752,4,1,1,2,135
6401051,2,1,1,1,120
8341494,2,1.5,1,1,180
1542055,10,3,3,5,500
1763153,2,1,1,1,189
4383023,2,1,1,1,118
1138235,5,1,2,2,439
6792455,6,1.5,1,2,220
5814328,6,1,2,2,300
7239715,2,1,1,1,165
2862964,1,1,1,1,90
3162301,2,1,1,1,185
7198899,2,1,0,1,125
7842461,4,1,1,1,120
1205402,3,1,1,1,100
7726909,2,1,1,1,110
4343926,2,2.5,1,2,110
1198268,2,1,,1,135
4936897,3,1,1,1,220
8301651,2,1,1,1,75
4574299,2,1,1,1,112
7369307,1,1,1,1,40
1854284,4,1,2,2,250
6038468,2,1,1,1,150
2175761,2,1,0,1,96
4622571,2,1,0,1,113
1198400,4,1,1,1,149
6051725,3,1,1,1,125
140167,2,1,1,1,139
7489397,4,1,1,2,149
2585919,2,1,0,1,179
8505699,2,1,1,1,120
5581375,2,1,1,1,120
973851,2,1,1,1,135
5690765,3,1,1,1,99
5037503,6,2,2,2,220
5946832,3,1,0,1,150
7716370,2,1,1,1,120
8337942,6,4,1,4,36
416371,2,1.5,1,1,150
646183,4,1,2,2,172
8682644,2,1,1,1,70
5786557,2,1,1,1,99
8645588,4,1,2,2,127
4402144,2,1,1,1,165
54112,2,,1,1,215
36391,2,1.5,1,1,269
4574822,3,1,1,1,119
8300302,4,1,2,2,150
1141805,5,1,1,2,145
8187172,4,1,1,2,110
8290869,2,1,1,1,88
7205391,2,1,1,1,74
8310115,4,1,1,2,99
7194519,3,1,1,1,111
8646530,1,1,1,1,132
5959565,3,1,1,2,175
4611395,3,1,1,1,129
1320940,3,1,1,1,110
2010440,2,1,0,1,110
2000710,3,1,1,1,95
6952815,2,1,1,1,95
7712730,6,1,2,4,199
3043302,2,1,1,1,149
4124074,2,1,1,1,203
7482613,2,1,0,1,200
4873463,2,1,0,1,90
5076606,2,1,1,1,99
2105971,4,1,2,2,240
306465,4,1,1,3,259
3504019,2,1,1,1,100
684324,4,2,2,2,300
7126406,2,1,1,1,150
7732528,4,1,1,2,119
5959473,2,1,1,1,145
8530589,9,2,3,3,418
6348598,4,1,1,2,129
6487383,2,1,1,1,210
5476381,2,1,1,1,299
5322125,6,1,2,3,222
4411488,2,2.5,1,1,115
3821677,3,1,1,1,115
1897093,2,1,1,1,99
8507536,2,1,1,1,100
2969776,2,1,1,2,130
4151206,2,1,1,1,139
4714859,2,1,1,1,75
7942513,2,1,2,1,99
8671978,2,1,0,1,98
2568578,2,1,0,1,115
160148,2,1,1,1,215
1050419,6,2,2,3,179
5747720,2,1,1,1,199
4848712,4,1,2,2,140
4756559,11,5,6,6,195
4658271,3,1,0,1,115
4208641,2,1.5,1,1,99
4469244,4,1.5,1,3,185
7809112,6,2,2,2,199
2437650,3,1,1,2,139
3759544,6,1,1,3,225
1912907,2,1,0,1,149
7910585,6,4,1,6,36
6763366,3,1,1,1,94
2978678,1,1,1,1,169
6698326,4,1,1,2,175
3580823,3,1,1,1,150
7906205,2,1,1,1,180
1332671,2,1,,1,120
3012092,2,1,1,1,115
6927876,4,2.5,2,2,170
8655805,2,1,1,1,100
7084337,6,2,2,2,300
8192676,4,2,2,2,150
4625393,2,1,1,1,85
7910543,2,1,1,1,69
4846756,2,1,0,1,69
7087505,2,1,1,1,75
2553668,2,1,1,1,99
2263350,2,1,1,1,149
5560149,2,1,1,1,100
3577680,2,1,1,1,130
1011352,2,1,1,1,90
2682199,2,1,0,1,149
8503628,3,2.5,3,2,299
5969151,2,1,1,1,135
7896415,3,1,1,1,150
8631602,6,1,2,4,199
3945792,1,1,1,1,89
8382690,4,1,1,2,180
1969951,3,1,2,2,240
6823518,2,1,1,1,95
1198366,4,1,1,1,149
7031707,1,1.5,1,1,90
7599768,4,1,1,2,149
4351015,1,1.5,1,1,74
2700234,5,1,1,2,170
4611706,3,1,1,2,190
8419054,2,1,1,1,145
2103016,2,1,1,1,109
6043390,2,1.5,1,1,105
5560185,2,1,0,1,160
4142952,4,1,1,2,219
6043637,1,1.5,1,1,89
5879841,2,1,1,1,120
7789081,6,2.5,1,6,36
1966985,2,1,0,1,95
5970073,2,1,1,1,120
2513059,2,1,1,1,100
4849350,3,1,1,1,99
5294453,2,1,1,1,100
342208,3,1.5,1,3,98
3907276,3,1,1,2,143
1571112,2,1,1,1,145
4662957,11,3.5,5,5,150
5568862,2,1,1,1,120
5569363,2,1,1,1,120
3431279,2,1,1,1,85
5496664,3,1,1,1,125
4987922,3,1,1,2,142
851048,6,2.5,3,4,525
5381225,2,1,0,1,159
8379983,4,1,1,3,170
4636240,4,1,1,2,50
6177419,3,1,1,2,246
7898386,1,1.5,1,1,75
2432627,2,1,0,1,99
8486538,2,1,0,1,90
2162330,6,2,2,3,229
3933068,2,1,0,1,149
4284144,3,1,1,2,136
8482771,2,1,0,1,250
4718350,1,1,1,1,100
3890312,2,1,1,1,100
5151884,3,1,0,1,120
4709529,3,1,1,1,175
5782754,2,1,1,1,122
6487391,2,1,1,1,177
7820526,6,1,2,4,169
1961889,2,1,0,2,85
5570026,2,0,1,1,100
6184436,3,1,1,1,200
2694647,2,1,1,1,105
2964999,10,2.5,1,5,99
3583410,2,1,1,1,100
7733108,6,1,2,4,189
5578617,2,1,1,1,120
5570446,1,0,1,1,95
837109,6,1,2,2,150
2436595,2,1,0,1,175
1162095,2,2,1,1,150
7816551,2,1,1,1,160
1301700,2,1,1,1,79
2123168,2,1,1,1,85
6759818,2,1,0,1,150
1789725,2,1,1,1,90
1969772,1,1,1,1,100
6325652,2,1,0,1,150
8408941,4,1,1,1,100
2142150,4,1,1,1,215
22453,1,1,1,1,95
6515171,3,1,0,1,130
1198049,2,1,,1,125
3360744,2,1,0,1,130
2478422,4,1.5,1,1,120
870948,2,1,1,1,105
6088740,3,1,1,3,176
1550495,6,2.5,2,3,495
4279890,3,1,1,1,110
8153301,2,1,1,,99
1198315,2,1,,1,135
4054058,1,1,1,1,65
5314716,2,1,1,1,110
6288706,1,1,0,1,105
4923534,2,1,1,1,119
8338969,2,1,0,1,99
1655517,6,1.5,2,3,225
5570591,2,1,1,1,105
8308059,3,1,0,1,140
7771546,2,1.5,1,1,125
7457615,4,1,2,2,250
8453546,2,1,1,1,90
6742510,2,1,1,1,70
5669372,4,1,1,2,200
9641,2,1,1,1,215
1466883,3,1,1,1,135
8028708,2,1,1,1,120
7438892,2,1,1,1,90
1319473,4,1,1,1,259
1761846,2,1,1,1,125
1066025,2,1,1,1,125
8170185,2,1,1,1,84
860336,4,1,1,2,99
4538581,1,2,1,1,100
5441474,3,1,1,1,149
1716922,4,1,1,2,168
1762194,2,1,1,1,99
6488981,2,1,1,1,120
6554995,2,1,0,2,120
7349166,2,1,1,1,121
5665997,2,1,0,1,229
3072944,2,1,0,1,85
1950650,3,1,0,1,300
7439377,2,1,0,1,75
7939196,2,1,1,1,177
2483350,1,1,1,1,95
1112617,2,1,1,1,125
2523657,4,1.5,1,2,89
5955860,3,1,1,2,175
2400307,2,1,0,1,100
7729211,4,1.5,2,2,150
6939002,2,1,0,1,100
6447693,6,1.5,3,4,300
269073,1,1,1,1,75
7414385,2,1,1,1,89
7938680,2,1,1,1,120
6885325,1,1,0,1,116
3236561,2,1,1,1,125
2919615,4,1,1,2,90
6103771,2,1,1,1,129
6089077,4,1,1,2,175
6472436,3,1,1,1,200
8389934,2,1,0,1,97
8570620,3,1,0,2,105
639189,1,,1,1,40
223032,2,,1,1,105
3090266,2,1,0,1,175
5933356,2,1,1,1,95
3991408,4,1,1,2,148
7514936,1,1,1,1,68
8235348,1,1,1,1,79
7800582,1,1,1,1,132
4083095,2,1,1,1,140
7896868,3,1,1,1,125
1454266,3,1,1,1,107
3412407,3,1,1,1,199
5581398,2,1,1,1,105
8633088,4,1,1,2,159
1665638,3,1,0,2,129
2455107,3,1,1,1,168
1092713,6,1,1,2,169
4533376,3,1,0,1,100
7310503,1,1,1,1,78
2649282,2,1,1,1,120
4410576,2,1,1,1,90
8588534,6,1,2,2,200
3861182,2,1,0,1,85
959794,2,1,1,1,85
2289889,2,1,0,1,125
3245393,3,1,1,1,150
4130156,3,1,1,1,90
2123124,2,1,1,1,99
7599680,3,1,0,2,139
4359559,3,1,1,1,174
1754897,2,1,1,1,99
7276316,4,2,2,2,150
8365864,1,1,0,1,66
7003034,3,1,0,2,84
5735876,2,1,1,1,100
8390124,6,2,2,2,700
4455938,2,1,0,1,110
3071855,2,1,0,1,85
8488469,1,1,1,1,41
6768161,2,1,0,1,109
8496680,5,1,2,2,175
8185124,2,1,1,2,80
1066361,3,1,1,1,150
7348502,4,1.5,2,2,299
8295372,16,2,1,1,499
2295809,2,1,1,1,100
211986,3,1,1,2,159
8505477,2,1,0,1,175
8505480,1,1,0,1,64
6973123,2,1,1,1,80
4725792,1,0.5,1,1,50
7629141,4,2,2,2,200
7730327,4,1,1,1,140
3861766,2,1,1,1,145
8391167,1,1,1,1,110
3329489,2,1,1,1,128
5806676,2,1,1,1,215
3554014,2,1,0,1,115
7813901,2,1,1,1,68
4332959,2,1,1,1,129
5569874,2,1,1,1,120
2719463,1,1,1,1,75
2808417,3,1,1,1,140
3389960,4,1,1,1,125
4217247,2,1,1,1,99
4668350,4,1,1,2,250
5570273,2,0,1,1,100
161913,3,1,1,2,209
6346855,4,1,1,1,196
767979,2,1,1,1,83
4707791,1,1.5,1,1,60
956049,1,1,1,1,67
7509292,3,1,0,1,125
5560648,2,1,1,1,95
1947438,6,2.5,3,3,695
6932977,2,1,1,1,120
1545090,2,1,1,1,150
4267649,2,1,1,1,135
8486063,2,1.5,1,1,126
6249057,3,1,0,1,101
1301928,4,1,1,2,135
7914538,2,1,1,1,135
6289235,2,1,1,1,179
2501387,2,1,1,1,220
4016136,2,1,1,1,100
2000565,2,1,1,1,99
8357195,2,1,1,1,110
451892,2,1,1,1,99
6011730,2,1,1,1,399
2954961,4,1,1,1,115
5581316,2,1,1,1,105
2432009,3,1,1,1,159
985788,2,1,1,1,85
7899851,3,1,1,1,140
8045100,3,1,1,1,137
1977530,3,1,1,1,89
1198433,4,1,,1,149
789295,8,5,5,8,"1,200.00"
270112,2,0,1,1,85
4383455,2,1,1,1,140
2761388,2,1,1,1,125
3592252,3,1,1,1,200
4359352,2,1,1,1,99
4407324,4,2.5,2,2,170
8130991,2,1,1,1,160
7458619,2,1,1,1,210
4255960,2,1,1,1,130
7746284,2,1,1,1,99
4444888,3,1,0,1,110
1716843,4,1,1,2,168
7967003,2,1,1,1,98
3957979,2,1,1,1,134
3785899,4,1,1,2,100
8356006,4,2,2,2,199
1126839,3,2,1,2,95
116951,2,1,1,1,98
7581075,1,1,1,1,70
3916419,3,1,1,1,130
3748396,4,1,1,2,140
4609468,1,1,1,1,69
7560199,2,1,1,1,75
8496095,2,1,1,1,175
17553,4,1,2,2,225
6587577,2,1,1,1,145
3783367,2,1,0,1,130
4948222,1,1,1,1,100
6070530,2,1,1,1,195
4899726,2,1,0,1,85
6374588,6,2.5,2,2,135
6169790,3,1,1,1,70
3065079,2,1,1,1,77
7807561,3,1,0,1,100
303723,2,1,1,1,95
6275754,2,1,1,1,65
1671904,2,1,0,1,120
6537975,8,1,2,3,250
7775008,1,1,1,1,70
598815,5,1,2,2,119
7807817,2,2.5,1,2,85
1107267,2,1.5,1,1,150
7243022,8,1,2,4,240
4777518,2,1.5,1,1,75
1074477,4,1,1,1,99
2794820,5,2,2,3,175
435554,2,1,1,1,94
5490041,2,1.5,1,1,140
3442784,12,2.5,3,4,375
7530243,4,2.5,3,3,160
6317904,2,1,1,1,65
1083256,2,1,1,1,100
3917682,3,1,1,2,135
7146478,5,1,1,2,125
4090299,2,1,1,1,135
1648624,1,2,1,1,35
6014961,2,1,1,1,155
8402633,4,2.5,2,2,175
7964897,3,1,1,1,95
4492081,2,1.5,1,1,90
4197439,2,1,1,1,100
4794924,4,2,2,2,220
7728263,2,1,1,1,60
710066,2,1,1,1,135
5363549,4,1,0,2,140
7331005,6,2.5,2,3,299
630062,6,,3,6,199
8183201,2,1,1,1,34
2904953,2,1,1,1,95
3874273,2,0,1,1,105
6717232,4,1.5,1,1,98
8372075,5,1,1,3,79
1105883,2,1,1,1,78
5664763,2,1,0,1,175
8142152,1,1,1,1,175
1793310,2,1,1,1,80
4708195,1,1.5,1,1,65
581620,1,1,1,1,23
4083361,2,1,0,1,175
2085985,4,1,1,1,175
7344961,2,0,1,1,75
7389160,2,1,1,1,115
6538699,3,1,1,2,125
868402,2,1,1,1,145
8609863,2,2,1,1,98
1269884,4,1,1,1,135
8078444,2,1,1,2,89
672872,2,1,1,1,150
7109894,2,1,1,1,90
2215489,4,2,2,2,150
3670,1,1,1,1,95
3272292,2,1.5,1,1,99
5262416,4,1,1,2,130
4431363,4,1,1,1,175
8407556,4,1,0,2,155
1822506,2,1,1,1,65
5509120,4,1,1,2,150
4485179,4,2,2,2,225
4776833,4,1,1,1,175
6836294,2,1,1,1,98
7762592,2,1,1,1,40
6260852,2,1,0,1,80
2061043,2,1,1,1,105
2257144,8,2.5,3,3,325
626868,4,1,1,2,88
7032431,2,1,0,2,100
447304,4,2.5,2,3,146
800076,3,1,1,1,109
1960670,5,1,2,2,199
1537421,4,1,2,2,279
4562350,2,2,1,1,90
6383776,4,2,2,2,150
6721804,4,1,1,2,120
840877,5,1,2,2,189
898877,3,1,1,1,120
423149,4,,1,1,99
8115792,6,2,2,2,188
1529801,8,1.5,3,4,300
8550376,2,1,0,1,200
5904367,6,1,1,2,225
7149569,2,1,1,1,50
7944736,3,1.5,1,2,109
80022,2,1,,1,109
7559554,5,2.5,2,2,229
1576762,16,6,8,13,"1,200.00"
8048958,14,2,5,7,599
7526820,2,1,1,1,75
3799640,4,1.5,2,2,380
5037973,2,1,1,1,115
957695,2,1.5,1,1,75
973608,1,2,1,1,32
2325525,1,1.5,1,1,90
752705,5,2,2,4,380
1596506,2,1,1,1,85
6389428,2,1,1,1,110
3713559,2,1.5,1,1,156
6793843,2,1,1,1,89
8427983,10,3.5,4,5,500
489773,6,1.5,2,2,225
3979811,6,1,2,2,200
5212448,2,1,0,1,119
7575194,2,1.5,1,1,95
1316116,2,1,1,1,180
4061049,6,2,2,2,175
2452967,4,1.5,2,2,249
4067283,6,1.5,2,2,295
8003191,4,2,2,1,249
4116051,2,1,1,1,119
7645438,2,1,1,1,98
6391915,2,1.5,1,1,90
994321,2,1,1,1,75
3089828,5,1.5,3,3,249
284165,4,,1,1,110
1766915,1,2,1,1,108
5404102,4,1,0,2,99
3755184,4,1,1,2,155
3476263,8,2,2,4,329
4734983,2,1,1,2,95
6877905,2,1,1,1,125
8667416,4,1,0,2,189
3089493,5,2,2,3,329
7384315,4,1,1,4,99
6835726,7,2.5,3,2,299
6313422,4,1,1,4,49
775298,4,1,1,1,100
7051543,4,1,0,2,125
6045187,3,1.5,1,1,92
4005653,2,1,0,1,165
3685178,2,1,1,1,119
2743363,2,1,0,1,120
8489054,2,1,0,1,85
6416063,2,1,1,1,79
8145316,4,1,1,2,110
4418356,4,1,0,2,142
4811626,4,1,1,3,139
543261,2,2,2,2,250
5344447,4,1,1,4,49
6898124,2,1,1,1,150
6540174,3,1,1,1,99
5458851,4,1,0,1,95
5697056,5,1.5,1,2,114
6638601,2,1,1,1,80
7556449,2,1,1,1,70
3125138,2,1,1,1,139
7933909,2,1,1,1,95
1633734,6,1,1,3,101
7884277,4,1,1,1,198
8646299,4,1,1,1,80
4231934,4,2,1,1,83
8171771,3,1,1,1,94
5956582,4,1.5,1,1,104
713529,3,1.5,1,1,69
3606678,1,1,1,1,70
4358230,4,1,1,2,279
4571580,5,1,2,2,199
3720240,2,1,1,2,60
7714870,1,1.5,1,1,59
7414896,2,1,1,1,100
8151350,2,1,1,1,75
25243,8,2.5,3,5,379
6865616,2,1,0,1,120
4464764,4,1,1,2,169
1205516,1,1.5,1,1,49
6571609,1,0,1,1,69
2762821,2,1,1,1,126
6285887,2,1,1,1,120
923157,3,1,1,1,125
1062050,2,1,1,1,110
3716721,3,1,0,1,110
7714880,2,1.5,1,1,59
4659301,4,1,1,2,250
8444041,6,1.5,2,2,125
4708735,2,1,1,2,65
8666111,7,2,3,3,245
7163781,4,1,1,2,130
7984443,2,1,1,1,125
3873605,2,1,0,1,119
2473539,2,1,1,1,90
6987067,4,1,1,1,150
5791160,2,1,1,1,100
7348190,4,1,2,2,239
7995245,3,1,0,2,94
8017218,2,1,1,2,55
8363955,3,1,0,1,94
1675904,8,2.5,2,4,275
7807308,7,2,2,3,100
2308761,4,1,1,2,160
6404202,1,1.5,1,1,75
8919,2,2,1,1,85
3051119,1,1,1,1,75
6611528,4,2,2,2,250
6334405,1,1.5,1,1,70
2737566,4,2,2,2,228
5317214,4,1,1,2,69
8355947,1,1,1,1,65
3842120,2,1,0,1,130
3060149,2,1,1,1,69
6939864,3,1,1,1,102
3712139,2,1,0,1,99
8178552,4,1,1,1,88
569952,2,1,1,1,80
5585781,2,1,1,1,89
8225758,4,1,1,1,90
1025018,1,1,1,1,55
1843477,3,1,0,1,70
6424291,2,1.5,1,1,75
8415619,3,1,1,2,60
5396209,2,1,1,1,75
8301001,4,1,1,1,300
7227924,1,1,1,1,60
5581410,4,1,1,2,150
8383668,8,1,2,3,125
912597,2,1,1,2,50
4002,9,1,2,4,150
8507015,4,2,2,2,"1,200.00"
2969279,4,1.5,1,2,45
7892734,2,1,1,1,89
3576433,2,1,1,1,75
6590953,2,1,1,1,65
800227,2,1,1,1,55
5780387,4,1,1,1,67
8131716,3,1,1,1,"1,000.00"
7837301,6,1,1,1,129
5396258,2,1,1,1,55
5585752,2,1,1,1,89
6601333,2,1,1,2,75
4455041,5,2.5,3,3,150
8256256,2,1,1,1,500
7790483,3,1,1,1,400
8445074,4,1,1,1,150
4612058,3,1,1,1,67
8141935,10,4,4,3,400
8470124,6,1,2,3,299
2768326,2,1,1,1,42
8472894,2,1,1,1,"1,200.00"
5585277,2,1,1,2,89
5945240,4,1,1,2,150
6311308,2,1,1,1,42
6390185,2,1,1,1,85
8389501,2,1,1,1,300
1546656,2,1,0,1,100
316270,6,1,1,3,80
3206180,2,1,1,1,125
2361612,2,1,1,1,115
846668,2,1,1,1,84
7629135,4,1,1,1,110
1594221,2,1,1,1,75
7072404,2,1.5,1,1,40
7492927,3,1,1,1,88
5680993,2,1,1,1,50
2168459,4,2.5,2,2,120
4447996,4,1,2,2,185
839054,2,1,1,1,150
3191051,2,1,1,1,57
8622371,4,1,2,2,94
4416129,3,1,1,1,100
6106974,3,1,1,1,89
7090042,2,1,1,1,80
6600704,4,1,0,1,85
4575829,3,1,1,1,90
6091388,2,1.5,1,1,72
7074443,2,1,1,1,65
4371199,1,1,1,1,65
610655,4,1,1,1,97
7438911,2,2,1,2,55
4715534,2,1,0,1,90
3760995,1,3,1,1,45
8630791,2,1,1,1,120
3692675,4,1,1,2,99
865061,1,1,1,1,100
5116752,6,1,2,2,150
887461,1,2.5,1,1,32
3663,5,3.5,4,3,140
2168338,2,1.5,1,1,59
4273077,2,1,1,1,63
3920830,2,1.5,1,1,85
4519011,16,8,10,13,"1,250.00"
3241116,2,1,1,,98
4749216,16,3.5,5,5,299
28204,10,2,5,5,520
4879922,4,2.5,1,1,72
4462231,6,2.5,3,3,200
1857312,3,1.5,1,2,64
7759093,2,1,1,1,55
3521076,2,1,1,1,70
7626430,4,1,1,1,85
874684,3,1,1,1,120
8010019,2,1.5,1,1,75
3021191,6,1.5,3,3,150
3914048,3,1,1,1,275
3121122,6,3.5,4,3,215
4129072,2,1,1,1,85
6290931,2,1,1,1,90
7195053,2,1,1,1,60
7914192,3,1,1,1,99
3112949,4,1,1,1,89
1481990,6,3.5,3,3,395
6553185,2,1.5,1,1,78
6047219,6,2.5,2,2,180
6586078,2,1.5,1,1,200
7968494,4,1.5,2,2,145
4881590,6,2.5,1,2,134
685304,2,1,1,1,75
1048410,3,1,2,2,100
4964259,2,1,1,1,95
4870349,2,2.5,1,1,67
1083336,11,3,3,6,260
2560391,2,1,1,1,75
6810814,2,1,1,1,60
7132234,3,1,1,1,65
2861184,4,1,1,2,89
6852539,2,1,1,1,70
4034147,4,1,1,2,99
1911835,4,1,0,1,99
4704514,2,1,1,1,65
6144468,3,1,0,2,85
7031631,4,1,2,2,70
8596334,2,1,1,1,49
1018211,1,1,1,1,70
1827260,5,1.5,3,3,145
2727020,2,1,1,1,125
3099304,3,1.5,1,1,75
6810295,2,1,1,1,50
888029,1,2.5,1,1,45
1354619,2,1,1,1,125
3761001,1,2.5,1,1,45
5606999,3,1,1,1,100
7359527,6,1.5,1,2,119
6155318,2,1.5,1,1,95
3351,2,1,1,1,60
7277852,4,1,0,2,77
3247998,8,4,4,5,500
1601459,2,1.5,1,1,50
2501277,2,1.5,1,1,59
303694,4,1,1,2,110
2657916,1,4,1,1,30
5615352,2,1,1,1,95
2289912,4,1,1,1,91
24712,12,3.5,4,6,283
7045613,4,1,1,2,125
72454,14,3.5,4,7,283
8061487,2,1,1,1,96
5792741,2,1,1,1,84
6155371,2,1,1,1,90
2198232,2,1,1,1,73
4383031,1,2,1,1,60
1870185,2,1.5,1,1,62
7389557,10,2.5,3,5,240
6334955,8,2.5,3,4,223
4393756,3,1.5,1,1,150
4900352,2,1,1,1,60
1761974,2,1.5,1,1,97
6341924,2,1,1,1,35
4801880,10,2,5,7,250
8275380,6,1,1,3,90
2926011,2,1,1,1,60
5314321,6,1,2,2,95
206305,2,1.5,1,1,68
206327,2,1.5,1,1,68
3485958,4,1,1,2,90
2041542,2,1,0,1,128
5015395,2,1,1,1,79
4482945,1,1,1,1,72
2089281,2,1,0,1,55
951090,3,1,1,1,165
5810061,1,1,1,1,100
5742682,2,2,1,1,65
8473006,2,1,1,1,120
1242869,2,1,1,1,80
4704716,4,1,2,2,128
4745238,2,1.5,1,1,75
6880934,2,1,1,1,75
8051344,8,2.5,4,4,240
1169835,1,1,1,1,60
1865861,5,2,2,3,100
6165,2,1.5,1,1,140
4233183,6,2,3,4,120
841260,1,3,1,1,40
7616723,2,1.5,1,1,65
2357099,4,1,1,3,70
4773058,5,2.5,2,2,165
8514753,6,1,2,2,119
8596920,2,1,1,1,34
2403657,6,2.5,4,,200
5319716,2,1,1,1,100
6285135,2,1,1,1,50
6244078,4,1,2,2,155
145726,2,1,,1,85
705901,2,3.5,1,1,125
6690251,1,1,1,1,125
223922,4,1.5,1,1,109
7455058,2,1,1,1,52
4423821,2,1.5,2,2,250
1870946,4,1.5,1,2,139
7047454,2,1,1,1,84
3431194,2,1,1,1,100
3890435,2,1,1,1,69
3613485,3,1,1,3,90
2564704,3,1,1,1,115
7369156,2,1,1,1,50
8671686,2,1,1,1,60
1162711,2,1,1,1,50
7746325,2,1,1,1,89
6738004,7,2.5,4,4,240
2187594,2,1,1,2,68
5669165,2,2,1,1,65
7676154,8,2,3,4,395
8446143,6,2,3,1,525
5997677,2,1,1,1,100
8222951,2,1,0,1,75
5446856,3,1,2,1,120
8303994,3,1,1,2,91
4129295,2,1,1,1,112
7115991,2,1,1,1,70
5963536,3,1,1,1,125
7387956,2,1,1,1,100
4738633,2,1,0,1,79
3801025,2,1,1,1,150
4196757,2,1,1,1,165
6902155,3,1,1,2,140
4629566,4,2,2,4,159
7856309,2,1,1,1,89
4867256,2,1,1,1,99
5669181,2,1,0,1,150
7438730,3,1,0,1,75
4678307,2,1,1,1,66
8504698,3,1,1,2,110
5998643,2,1,0,1,100
4188276,2,1,1,1,165
3664217,2,1,1,1,75
5401210,3,1,0,1,102
601180,2,,1,,190
7664583,3,1,0,1,84
6965353,4,1,2,2,110
8188025,6,2.5,4,3,350
8483630,4,1,1,1,"1,000.00"
3519858,2,1,0,1,85
8091170,4,1,1,2,85
840622,4,1,1,1,110
6076403,4,1,0,1,92
4250152,2,1,1,1,75
3038984,2,1,1,1,50
6569492,4,1,1,2,125
8454029,3,1,1,1,300
6404201,1,1,1,1,45
5415370,4,1,1,1,110
8043255,4,1,2,2,158
6390137,2,1,1,1,130
8473981,5,2,2,4,150
4714352,1,1,1,1,120
6716496,4,1,1,2,85
828497,4,2,1,2,105
1582034,7,2.5,3,5,300
934511,2,1,1,1,103
934586,7,2.5,3,3,235
3604624,2,1,0,1,85
7613262,1,1,1,1,50
3951095,2,1,1,1,100
945426,2,1,1,1,92
2715558,2,1,2,2,85
6311735,2,1,1,1,30
1569823,2,1.5,1,2,90
7921190,1,1,1,1,49
2281990,2,1,0,1,250
8225678,8,2.5,3,4,225
6583734,3,1.5,1,2,128
1619805,2,,1,1,84
8616067,1,1,1,1,49
4323727,5,1,1,3,99
4955183,2,1,1,1,84
2715548,2,1,1,1,86
6233899,2,1,1,1,130
371342,1,1,1,1,135
4431338,3,1,1,1,95
1936134,3,1,1,1,119
8497163,2,1.5,1,1,80
3893853,2,1,1,1,140
2818072,2,1,1,1,84
8016967,1,1,1,1,50
804088,4,3,2,2,230
3147415,9,2,3,5,215
653865,2,1,1,1,77
762454,2,0.5,1,1,60
684707,3,1,1,1,65
2650655,8,2,3,5,150
1978626,2,1,1,1,64
116289,2,2.5,1,1,125
7482391,2,1.5,1,1,60
5269257,15,3,5,9,330
4482916,3,1,0,2,65
755350,6,1,2,4,112
755352,3,1,1,2,75
201116,2,1,1,2,90
6157551,6,1,3,3,180
7385563,2,1,1,1,65
702166,1,2,1,1,55
8333874,2,1,1,1,75
5680378,2,1,1,1,75
862863,2,1,1,1,68
5999280,2,1,1,1,65
7834355,16,0.5,1,16,10
953928,1,1,1,1,70
8353034,2,1,0,1,80
7590948,4,1,1,2,70
5205178,2,1,1,1,65
227928,3,1,1,2,76
3213515,2,1,1,1,89
4978586,2,1,1,1,45
857368,4,1,2,2,135
702090,1,1,1,1,55
8485842,2,1,1,1,65
6910346,5,1,0,1,100
8034908,2,1,0,1,95
2111965,1,1,1,1,65
7486262,3,1,1,2,82
7202,2,1,1,1,80
4594791,2,1,1,1,84
1416889,3,3.5,1,1,71
1204653,8,1,2,4,155
6834581,2,1,,,65
155859,2,1,1,1,60
450790,2,2.5,1,1,55
5734674,1,1,1,1,45
982395,6,1,3,3,215
7876570,3,1,1,1,89
196429,4,1,1,2,120
5414878,2,1,1,1,37
6128357,2,1,1,1,95
2667112,1,1,1,1,45
118777,4,1,1,1,45
2262841,2,1,1,1,70
2547672,1,1,1,1,65
433725,15,2,3,10,180
5720219,2,1,1,1,79
3851703,1,0,1,1,65
852056,2,1,1,1,45
5986989,5,1.5,2,3,70
5685535,3,1,1,1,100
2313496,2,1,1,1,120
4536398,1,1,1,1,45
6748247,1,1,1,1,95
8428910,1,1,1,1,125
4233718,5,1.5,3,3,110
262629,2,1,1,1,65
8381345,1,1,1,1,45
8118888,1,1,1,1,75
6333252,1,1,1,1,50
1623946,6,1.5,3,3,260
8238125,6,1.5,2,2,"1,500.00"
8410577,2,1,1,1,200
8421131,8,2,3,4,250
8117850,2,1,1,1,30
4443536,4,1,2,2,150
4923371,4,1,2,2,95
8445816,2,2,1,1,200
7025219,2,1,1,1,60
8409791,2,1,0,1,175
251619,12,,1,1,99
1896951,4,1,1,2,90
649982,2,1.5,1,1,65
251611,12,,1,1,99
251615,12,,1,1,99
6016640,2,1.5,1,1,70
649985,2,1.5,1,1,60
877512,2,1,1,1,100
2466942,4,2,1,3,99
4024085,2,1.5,1,1,60
223203,12,1,1,8,99
4663275,7,2.5,3,4,160
4025236,2,1.5,1,1,60
4025438,2,1.5,1,1,55
703757,2,1.5,1,1,65
6180256,2,1,1,1,75
5903535,2,1,1,1,35
5236689,2,1,1,1,47
8583164,2,1,0,1,115
7289907,8,3.5,5,4,150
1245292,2,1,1,2,97
4235605,6,1,2,3,119
3208870,2,1,1,1,68
6727661,2,1,0,1,80
5544727,2,1,1,1,95
4164633,3,1,0,1,125
2126878,2,1,1,1,125
3789633,1,1,1,1,55
3012625,2,1,1,1,200
4701977,6,1,1,3,160
992311,6,1.5,1,2,135
2776766,5,1,2,2,145
3686233,2,1,1,1,59
1948543,2,1,1,1,130
3310069,4,1,1,2,135
3817080,2,1,1,1,78
8247341,2,1,1,1,90
2897393,2,1,1,1,58
6700694,1,1.5,1,1,76
3796708,1,1,1,1,42
7918040,7,3,2,2,333
188807,2,1.5,1,1,55
3064960,1,1,1,1,50
5761901,2,0.5,1,1,58
3590202,2,1,1,1,51
754037,2,1,1,1,68
5794047,9,1,3,4,199
3662,3,1,1,1,75
6286387,4,1,1,2,76
5762674,4,1,1,2,71
5009416,3,1,1,2,90
8664473,1,1,1,1,60
832778,2,1.5,1,1,75
6699557,1,1.5,1,1,76
7758909,1,1,1,1,49
6291435,2,1,1,1,59
3726467,1,2,1,1,50
6323632,2,1,1,1,53
437005,2,2,1,1,70
7280999,1,1,1,1,41
5010302,2,1,1,1,65
3796906,1,1,1,1,45
5756520,2,1,1,1,56
3686,2,1,1,2,65
3567754,2,2,1,1,65
2526067,2,1,1,1,28
861661,4,1,2,2,"1,000.00"
5195346,6,1,3,3,129
2526061,1,1,1,1,49
3057820,2,1,1,1,100
3939363,6,1.5,2,2,76
8014627,1,1.5,1,1,50
4046642,6,2,2,2,175
305783,3,2,1,2,80
8383378,6,1.5,2,4,117
3796942,1,1,1,1,40
575991,4,2,2,2,52
5543447,2,1,1,1,75
252300,3,1,1,1,100
151181,3,1,1,2,59
7616844,6,1,3,4,209
6851851,2,1,1,1,69
5271122,2,2,1,1,60
4039225,2,2,1,1,54
8447945,1,1,1,1,20
4034362,2,1,1,1,50
6525271,8,1,3,5,214
4092927,2,1,1,1,69
8418373,2,1,1,1,399
4750876,2,1.5,1,1,70
4461538,2,2,1,1,60
8017127,2,2,1,1,50
4097140,2,2,1,1,54
828136,4,1,1,1,85
3703555,2,1,0,1,65
7062828,4,1,1,3,75
6620488,1,1,1,1,45
886950,4,,1,,275
4064835,2,1,1,1,55
8030345,7,3,3,3,215
84476,6,1,2,3,80
6816543,1,1,1,1,50
6540006,2,1,1,1,89
7858922,2,1,1,1,105
3705712,4,1,1,2,105
1725435,1,2,1,1,20
7758626,2,1,1,1,79
7758082,2,1,1,2,59
5939372,6,2,3,4,190
4532668,4,1,1,1,98
952779,2,1,1,1,145
5457716,2,1.5,1,1,53
437362,6,2.5,3,3,275
7023900,2,1,1,1,120
7673943,2,1,1,1,90
7428569,2,1,1,1,100
2463169,1,1,1,1,90
8131734,4,1,1,2,100
2823443,2,1,1,1,100
661585,4,1,1,3,110
3021743,2,1,1,1,125
8190920,6,1,2,2,180
8305805,1,1,0,1,83
1388439,3,1,1,2,137
307287,1,1,1,1,100
4111069,4,1,1,2,135
4551147,8,2.5,3,5,398
3789313,4,1,1,2,150
6573484,2,1,0,1,100
8592259,4,1,2,2,100
5696377,6,2.5,3,3,325
8140930,2,1.5,1,1,90
6746916,6,1.5,3,5,270
4764483,6,1.5,2,2,70
8688457,6,2.5,3,3,350
7893901,7,1.5,3,5,195
4848114,3,1,1,1,105
958370,2,2,1,1,99
7706099,4,1,1,2,93
7087645,2,1,1,1,130
7361439,4,1,1,2,135
8025047,4,1,1,2,130
5495646,2,1,1,1,100
1667080,2,1,0,1,135
2523194,6,1,1,2,149
7110732,6,2.5,2,3,190
1613892,4,1,1,2,130
7438735,4,1,1,2,107
7717276,3,1,2,2,100
7327815,6,1,2,2,159
386546,5,1,2,3,179
4728736,5,1,0,3,138
8423818,5,1.5,2,2,140
4475295,4,1,2,2,150
4532653,4,2,2,2,150
8628658,2,1,1,1,70
2361802,2,1,1,3,150
4908997,4,1,1,2,120
1281015,2,1,1,1,125
7564295,2,1,1,1,100
2550527,6,2.5,1,2,230
2231106,2,1,1,2,94
748316,2,1,1,1,110
1919269,2,1,1,1,85
7309609,1,1,1,1,47
8115938,10,4,4,5,399
7896861,8,1.5,3,4,290
3811688,2,2,1,1,90
7309679,6,2,2,2,154
2875616,3,1,1,2,134
117240,2,1,1,1,85
8221108,2,1,1,1,129
982118,5,2.5,3,3,250
674940,4,1,1,2,179
2632859,4,1,1,2,115
3186210,2,1,1,1,89
8350335,2,1,1,1,95
453315,2,1,1,1,89
1550867,6,2.5,3,4,679
814655,2,1,1,1,150
240641,3,1,1,1,220
8391711,2,1,1,1,62
4164684,3,1,1,1,129
6800846,4,1,1,2,120
8318273,6,1.5,2,3,125
789898,4,1,1,2,125
5287327,4,1,1,1,120
7172949,2,1,1,1,55
5066722,2,1.5,1,1,59
7244403,3,1,1,1,95
4907627,2,1.5,1,1,79
6091385,2,1,1,1,85
3199232,8,2.5,3,8,285
5370128,2,1,1,1,70
6094211,4,1,1,1,100
6795052,2,1.5,1,1,72
4545885,4,1,1,2,89
8403475,2,1,1,1,75
6041652,11,4.5,5,5,"2,822.00"
766006,2,2.5,1,1,85
6447899,2,1,1,1,189
6288146,2,1.5,1,1,69
1290893,2,1,1,1,118
266852,2,1,1,1,75
5132940,2,1,1,1,79
6476539,2,1.5,1,1,77
3190123,2,1,1,1,84
1165468,2,1,1,1,95
8483012,2,1,1,1,80
5288168,4,1,2,2,195
5559331,2,1,0,1,110
3790017,5,2,3,3,225
709828,4,1,,2,325
4786526,6,1.5,3,3,250
3061574,3,1,1,2,95
8648582,2,1,1,1,75
1144756,6,3,3,3,225
5748668,2,1,1,1,80
4658436,4,1,1,2,137
2093954,4,1,1,1,98
5772930,2,1,1,1,149
4498370,6,1.5,3,3,250
4552932,4,1,1,2,150
4093665,3,1,1,2,168
7837425,2,1.5,1,1,59
3897111,2,1,1,1,80
7124780,3,1,1,2,80
2897706,2,1,1,1,126
538598,5,1.5,2,3,125
5718974,2,1,0,1,100
6644726,2,1,1,1,100
8065395,15,4.5,6,12,499
4277425,4,1,1,1,195
4462489,4,2.5,1,2,100
7080111,4,1,1,2,125
845033,4,1,1,2,145
16684,2,1,0,1,175
8667480,6,1,3,3,199
4974016,3,1,1,1,75
8225441,4,1,2,2,130
5522108,5,2,1,1,150
5874372,5,1.5,2,2,220
6844537,2,1.5,1,1,75
885473,5,1,1,1,115
6726404,4,1,1,2,119
867117,4,2.5,2,2,225
877329,2,1,1,1,125
4639513,3,1,1,2,124
3155230,1,1,1,1,95
8391832,2,1,1,1,59
1824864,3,1,2,2,149
6764653,2,1,1,1,99
7281163,2,1,1,1,95
7760490,4,1,1,2,126
7499000,1,0,1,1,64
1571126,6,2.5,2,3,299
7346489,1,1,1,1,35
2343987,2,1.5,1,2,50
1901631,6,1,2,4,179
4930445,2,1.5,1,1,70
6317209,3,1,1,1,125
3779790,2,1,1,1,180
2554274,2,1,1,1,79
55718,1,,1,1,75
6551591,2,1,1,1,100
6975265,2,1,0,1,80
7020322,4,2.5,2,2,300
6208208,2,1.5,1,1,107
6937329,6,1,3,3,250
6937338,6,1,3,3,199
5503750,3,2,1,2,90
6162662,2,1,1,1,105
7051125,4,1,2,2,150
5879055,3,1,1,1,125
5267060,2,1,0,1,85
2309905,6,1,2,2,225
5575873,2,1,1,1,99
6601036,3,1,1,1,150
3102110,4,1,1,2,85
6472135,2,1,1,,115
3105225,2,1,1,1,120
30022,1,1,1,1,35
5702153,2,2,1,1,79
7594542,1,1,1,1,40
5660850,2,1,1,2,149
3653847,5,1,1,2,115
7725273,3,1,1,1,105
5759200,3,1,1,2,58
1212239,4,2,2,2,250
7045976,2,1,1,1,125
5964678,2,1,1,1,95
5030785,3,1,1,1,180
6231539,2,1,1,1,156
2975445,2,1.5,1,1,135
3876576,2,1,1,1,95
6276856,4,1,1,2,145
5874431,2,1.5,1,1,120
5735479,3,1,1,1,160
834961,2,1,1,1,79
2384268,2,1,1,1,55
6504358,2,1,1,2,50
6077948,4,1,1,2,135
4652584,2,1,1,1,80
6165767,2,1.5,1,1,148
7842397,3,1.5,1,1,69
647080,6,2.5,2,3,300
7053237,4,1,1,2,85
8519618,2,1,1,1,58
6382918,2,1,1,1,110
6677846,2,1.5,1,1,40
1041751,2,1,1,1,55
878390,2,1,1,1,95
2098615,4,1.5,1,2,144
1631697,4,1,2,2,199
3802635,2,1.5,1,1,70
7038659,2,1,1,1,75
7349796,2,1.5,1,1,71
3303004,7,3.5,3,3,300
8570471,2,1,1,1,108
6268525,7,1.5,2,3,190
2683432,4,1,1,2,105
3172443,4,1,1,2,129
2689136,3,1,1,2,135
5163125,2,1,0,1,125
7692267,3,1,1,1,100
4976924,2,1,1,1,80
7460848,9,2.5,3,4,178
4677333,3,1,2,2,125
8118323,1,1,1,1,65
1103874,4,1,1,2,86
817191,2,1,1,1,55
8683692,4,1,0,1,114
7411768,2,1,1,1,165
5592077,2,1,1,2,70
5269442,4,1.5,1,1,90
5904073,2,1,1,1,89
6815426,1,1.5,1,1,80
6560666,4,1.5,2,2,105
3168102,2,1.5,1,1,90
8342833,1,1,1,1,70
1411975,4,1,1,1,135
1520425,6,2.5,2,4,180
4728917,4,1,2,3,160
7331633,5,1,2,3,149
3352998,3,1,1,1,249
5873642,4,1,2,2,149
4964336,2,1,1,1,64
2042255,2,1,1,1,149
6424894,1,1.5,1,1,90
8336708,2,1,1,2,150
7380470,4,1,1,2,179
5862637,4,1,1,3,159
4922023,2,1,1,1,220
4856299,3,1,1,1,117
7772529,4,1,2,2,84
8329316,2,1,1,1,105
3635751,4,1,0,2,175
6084064,2,1,1,2,175
7050177,2,1,1,1,75
5469762,6,1.5,2,2,234
7799684,2,1,1,1,80
7967982,4,1,1,2,129
1177438,10,1.5,2,4,194
1449453,2,1,1,1,75
2399406,2,1,0,1,80
5280527,9,2,3,3,225
8438803,2,1,1,1,125
3886521,6,2.5,3,4,300
4263520,5,1,1,3,130
7670764,1,1.5,1,1,56
8513713,2,1,1,1,105
7382997,6,2.5,2,3,245
2263105,4,1,1,1,95
107801,8,1,2,5,140
5111311,2,1,1,1,75
4805609,2,1.5,1,1,79
5867727,3,1,1,1,115
7602161,5,1,2,2,225
618497,4,1,1,1,229
2460367,6,1,2,5,250
8293644,2,1,1,1,40
3975893,6,1.5,2,2,150
6935575,3,1,1,1,129
1515971,4,2.5,2,2,225
8444659,5,2.5,2,2,300
7217535,6,1,1,2,95
5903003,4,1,1,2,125
8688286,4,1,2,2,185
4968471,2,1,1,1,90
3158019,4,2,2,2,198
3542880,4,1,1,2,120
697246,2,1.5,1,1,150
1401064,8,2.5,3,4,260
3585461,3,1,1,1,99
8667309,1,1,1,1,140
6465684,2,1,1,1,99
8456436,2,1,1,1,75
6723515,2,1,0,1,100
2665469,2,1,1,1,150
470501,1,1.5,1,1,89
5955389,4,1,1,2,115
4519835,3,1,1,1,165
4676139,3,1,1,1,108
2465623,2,1,1,1,165
6389926,1,1,1,1,45
7731695,4,1,1,2,119
7240396,4,1,1,2,85
5146779,3,1,0,2,93
3111977,4,1,0,2,108
6277334,4,1,0,2,126
8399067,2,1,1,1,75
3167626,2,1,0,1,100
8201028,2,1,0,1,82
4967210,2,1,1,1,100
4385621,2,1,1,1,110
1198461,4,1,,1,149
7997956,5,1,1,2,149
7293467,2,1,1,1,125
5270621,3,1,1,2,105
8407608,4,1,0,1,91
7580779,6,2,2,4,209
60557,3,,1,1,200
4604357,4,1,2,2,124
690877,2,1.5,1,1,99
3009435,2,1,1,1,109
7637915,4,2,2,2,149
4033472,2,1,0,1,146
3230666,6,2.5,2,2,190
6200586,2,1,1,1,145
2739243,6,2,2,3,185
4025393,3,1,1,1,140
5680210,4,1,1,1,130
3533920,4,1,1,2,149
108807,2,1,1,1,85
6066251,2,1,1,1,160
7161475,4,1,1,2,99
6018758,3,1,1,1,117
8337362,3,1,1,1,100
8206306,3,1,0,2,93
4060155,2,1,1,1,107
2119657,2,1,1,1,150
7714816,4,1,1,2,129
4356141,2,1,0,1,95
4339760,3,1,1,1,140
8313137,2,1,1,1,125
5806398,2,1,0,1,100
1030484,2,1,1,1,130
6151035,2,2,1,1,60
4701058,2,1,1,1,140
6108310,2,1,0,1,85
200515,4,,1,1,118
2324977,1,1,0,1,139
3644326,3,1,0,2,115
8674236,3,1,0,1,89
7578455,6,1,2,4,189
6153179,2,1,1,1,90
4350950,1,1,1,1,70
353262,4,1,0,2,80
8086537,2,1,1,1,65
156804,3,1,1,1,125
8651941,6,1,2,4,199
7644702,3,1,0,1,115
8268664,2,1,1,1,125
3245284,3,1.5,1,1,168
1074427,1,1,1,1,75
5931303,2,1.5,1,1,150
5251410,2,1,1,1,84
1688139,2,1,1,1,75
2818677,5,2,2,2,163
2614015,1,1,1,1,95
437132,2,1,1,1,95
7341856,4,1,2,3,200
2344334,4,1,1,1,150
4916684,3,1,0,2,138
6686194,4,1,1,1,90
5203550,1,1,1,1,100
2459792,2,1,1,1,115
8133891,8,2,3,5,246
7579509,6,1,2,4,199
1197976,2,1,,1,125
3139499,1,1,1,1,43
4188562,2,1,1,1,139
5835178,8,2.5,3,4,550
3645653,1,4,1,1,79
6093401,7,2,3,3,250
7715486,6,2,2,4,199
1789722,6,1,1,4,129
842413,4,1,1,1,99
6462136,4,1,2,2,128
4120340,6,1,2,3,210
6184481,4,1,1,1,119
6101774,2,1,0,1,95
392897,2,1,1,1,120
875697,2,1,1,1,90
3890476,2,1,1,1,115
32087,2,1,1,1,160
7896911,2,1,1,1,25
1646405,2,1,1,1,70
6152134,3,1,0,1,175
8552398,2,1,1,1,101
8151174,2,1,1,1,85
2274295,3,1,1,1,170
7713639,4,1,1,2,159
5386788,3,1,2,2,200
7910685,2,1,1,1,139
6431931,3,1,1,1,275
3280690,1,1,1,1,159
5395890,2,1,1,1,97
7698423,4,1,1,2,110
2551952,3,2,2,3,169
6626224,2,1.5,1,1,100
1641184,1,1,1,1,99
8437269,1,1,1,1,225
889302,1,1,1,1,80
5428765,2,1,1,1,110
6100509,2,1,1,1,95
5589,4,1,1,2,95
78487,2,1,1,1,159
3731400,2,1,0,1,150
2051534,1,1,1,1,90
7638670,2,1,1,1,101
8507052,1,1,0,1,149
3280572,1,2,1,1,89
8482540,1,1,1,1,60
3729451,3,1,1,1,99
2060564,2,1,1,1,125
1262298,2,1,0,1,120
5239084,5,1,2,5,180
6779201,3,1,1,1,115
5051005,2,1,1,1,109
3952390,6,2.5,2,2,399
8146744,4,2,1,2,185
62122,2,1,1,1,90
3584020,3,2,1,2,209
1904637,3,1,1,1,139
6042284,2,1,0,1,125
529077,3,2,2,2,165
5181619,3,1,1,1,108
1396950,3,1,1,1,120
7033228,3,2,2,1,150
181078,4,2,2,2,295
1798733,2,1,1,1,110
7361909,5,2,2,2,225
7820672,1,1,1,1,55
8445511,3,1,1,1,119
546226,1,1,1,1,78
4052470,3,1,1,1,139
2120799,2,1,1,1,85
1578513,2,1,0,1,82
2479488,9,2,2,6,160
2028490,4,1,1,1,100
4133846,2,1,0,1,125
4637962,6,2,2,2,130
1127551,6,1,2,2,150
6984846,4,1,0,1,90
1979544,2,1,1,1,80
6527288,3,1,1,1,105
3610473,3,1,1,1,125
2430174,2,1,0,1,85
1578240,5,1,1,3,275
2053406,1,1,1,1,79
9097,1,1,1,1,45
7206214,2,1,1,1,80
4060825,2,1,0,1,60
8444125,3,1,1,1,125
7841798,2,1,1,1,170
2032214,2,1,0,1,102
7744193,2,1,1,1,120
6923607,2,1,0,1,115
6152216,2,1,1,1,117
3645740,2,1,1,1,125
8388704,4,2,2,2,199
6938730,1,1,1,1,60
4251764,4,1,1,1,85
1778080,2,1,1,2,135
4268485,2,1,1,1,99
5890528,2,1,1,1,150
6324719,2,1,1,1,85
1229312,2,1,1,1,125
7259166,2,1,1,1,83
8454171,2,1,1,1,275
6971582,2,1,1,1,70
5893473,2,1,1,1,99
8339665,2,1,1,1,72
8126682,1,1,1,1,110
16641,3,1,1,1,165
8632421,4,1,1,2,159
1876238,1,2,1,1,89
7563728,2,1,0,2,99
4216574,2,1,1,1,130
5954547,4,2,2,3,225
2598841,2,1,1,1,150
3516422,4,1,1,2,125
1212308,2,1,1,1,100
4922861,2,1,2,2,225
2439661,2,1,1,1,105
8307772,2,1,1,1,119
5690193,2,1,1,1,105
1382087,2,1,1,1,51
4544765,4,1.5,2,2,168
1979608,2,1,1,1,110
29880,2,1.5,1,1,209
8336265,3,1,1,1,100
6845244,3,1,1,1,102
4404001,3,2,1,2,200
4557072,4,1,0,1,75
7309474,2,1,1,1,127
1058465,4,1,2,2,180
7915150,3,1,1,1,200
3951862,2,1,1,1,120
7763077,1,1,1,1,50
4985826,2,1,1,1,80
7438473,2,1,0,1,75
794213,6,1,2,3,135
1854624,3,1,1,1,120
5316714,2,1,1,1,120
8151144,2,1,1,1,89
854191,4,1.5,2,3,185
4283,4,1,2,2,160
7819426,6,1,2,4,189
4165070,3,1,1,1,99
62119,1,1,1,1,72
4502157,4,1,1,1,125
7221056,2,1,1,1,150
831770,4,1,1,1,155
3850599,3,2,2,2,150
5734753,3,1,0,1,80
2909289,4,1,1,1,110
6128516,2,1,1,1,130
1936730,4,1,1,2,99
5123810,1,1.5,1,1,68
6026137,2,2,1,1,80
5530708,4,1,1,2,200
6056763,2,1,1,1,75
4573504,4,1,1,1,99
4639054,4,1,1,1,70
5458491,4,1,1,3,85
6327528,2,1,1,1,115
4204367,1,1.5,1,1,80
6557100,1,2,1,1,40
7966401,1,1,1,1,47
6066863,6,1,2,5,149
4658202,2,1.5,1,1,95
3550629,2,1,0,1,110
5888981,4,1,2,2,139
4766818,5,1,1,4,150
3643257,2,1,1,1,50
3627430,6,1,2,3,134
3816460,1,1,1,1,25
8227337,1,1,1,1,28
6799380,1,1,1,1,90
7053352,2,1,1,1,90
4803261,2,1,1,1,65
1802657,3,1,1,2,89
5833140,2,1,1,1,85
4948442,2,1,1,1,100
4121052,3,1,1,1,85
7971320,1,1,1,1,50
5558358,2,1.5,1,1,88
5432751,4,1,1,1,109
8488370,1,1,1,1,275
3359272,5,2.5,3,3,290
5252184,4,1,2,2,175
7499813,2,1.5,1,1,117
8372471,6,2.5,3,3,350
164069,2,1,1,1,89
4821459,3,1,1,1,50
6218640,4,1,1,2,150
1672101,2,1,1,1,90
3924904,8,2.5,2,4,199
1934294,2,1,1,1,104
2425835,4,1,1,2,115
7472247,2,1,1,1,75
2278544,4,1,1,1,112
2319568,3,1,1,1,149
1213652,4,1,1,3,200
2458869,2,1,1,2,120
4645142,4,1,2,2,200
188708,5,2,2,2,209
4637258,1,1,1,1,70
279120,4,1,2,2,120
6793555,4,1.5,2,2,150
8635192,4,1,2,2,95
3876165,2,1,1,2,110
3155265,3,1,1,1,122
6989135,16,1,1,2,60
8439137,7,3.5,3,4,650
6899075,2,1,1,1,60
1306928,2,2,1,1,125
427825,2,1,2,2,149
3859851,6,2.5,2,2,140
5004609,2,1,1,1,168
2360809,8,2.5,3,3,189
1894440,2,2,1,1,75
198761,1,1,1,1,82
2238106,4,2.5,2,2,179
566968,2,1,1,1,72
4884217,2,1,1,1,95
1042244,4,2,1,2,145
667954,2,1,1,1,60
8267624,2,1,1,2,60
632735,2,1,1,1,70
2042321,2,1,1,2,75
8292839,2,1,1,1,60
5826573,3,1,0,1,135
8169513,2,1,1,1,56
198685,2,2.5,1,1,65
2091153,2,1,1,1,75
7563422,4,1,1,2,98
6974224,1,1,1,1,65
8497939,4,1,1,2,500
2730283,2,1.5,1,1,89
8341841,1,1,1,1,300
4622711,6,2.5,3,3,249
7309889,2,1,1,1,60
3861099,4,1.5,1,2,79
8309960,2,1,1,1,60
3394747,2,1,1,1,89
5401855,2,1,1,1,55
4549908,2,1,1,2,75
8366149,3,1,1,1,100
4803515,4,1,2,2,400
7574007,2,1,1,1,60
1166310,2,1,1,1,75
4730124,2,1,1,1,65
5172241,6,2,2,3,165
6523994,6,1,2,3,115
5803297,2,1.5,1,1,85
5535629,2,1,1,1,60
8285534,8,2,2,4,"2,000.00"
413053,2,1,1,1,90
8405653,4,1,1,1,150
3943,2,1,1,1,89
5126134,8,3.5,4,3,250
4287926,2,1,1,1,89
2289096,2,1,1,1,90
4730309,3,1,1,2,110
8015316,2,1,1,1,100
8651417,2,1,1,2,80
6884877,2,1,1,1,100
6966923,2,1,0,1,500
4050602,5,1,2,2,400
5082818,8,1.5,4,4,285
5803727,4,1.5,1,2,110
4476628,4,1,2,3,99
1076957,4,1.5,2,2,125
8212191,2,1,1,1,55
2715961,3,1,1,1,120
7278916,2,1,1,1,130
6885122,2,1,1,1,71
8384292,6,2.5,2,2,250
8555870,3,1,1,2,80
7950417,3,1,1,2,105
3322512,2,1,1,1,99
5862075,2,1,1,1,75
2974412,4,1.5,3,2,146
4362610,4,1,1,2,99
4520,6,1,1,2,60
7002183,2,1.5,1,1,90
7852465,4,2,2,2,125
78264,4,1,1,1,80
4865538,2,1,1,1,68
4887569,2,1,1,1,155
775246,4,1,1,3,105
6177535,2,1.5,1,1,79
7385615,4,2,2,2,124
3568159,2,1,1,1,99
561697,6,1,1,4,140
979730,2,2,1,1,100
8524607,5,2.5,1,2,140
855065,3,1,1,1,75
7689063,3,1,1,1,400
5911966,10,3.5,3,3,375
3208642,2,1.5,1,1,129
5666253,2,1,1,1,79
2943239,2,1,1,1,68
234431,2,1,1,1,79
4967,1,2,1,1,99
8131707,4,1,1,3,75
4715654,4,1,1,2,105
1210232,3,1,2,2,80
6879092,2,1,1,1,95
6133629,6,1,2,3,225
685309,2,1,1,1,85
6100283,2,1.5,1,1,70
2365726,1,1,1,1,69
7649299,2,1,1,1,79
5082689,2,1.5,1,1,95
8132910,2,1,1,1,95
1718584,8,2.5,3,3,450
7838012,6,1,2,3,500
7952701,2,1,1,1,118
8133516,8,2.5,2,5,195
4414353,2,1,0,1,99
3826771,2,2,1,1,130
6142571,6,2.5,3,3,165
825969,10,2.5,3,4,350
6560442,2,1.5,1,1,129
4994165,1,1,1,1,78
8453378,3,2,3,3,900
7208196,6,2,3,3,249
8625421,2,1,1,2,125
6331663,6,2.5,2,2,199
826087,8,1,2,4,130
7420697,4,1,1,1,75
4545319,3,1,2,2,125
6093919,4,1,1,1,140
2014332,2,1,1,1,50
4275780,4,1,1,2,150
6143706,4,1,1,2,150
3964658,2,1,0,1,115
6438059,1,1.5,1,1,45
8428743,2,1,1,1,40
7159001,15,3.5,5,10,749
7109507,5,2.5,3,3,150
6504334,2,2,1,1,120
6492476,2,1,0,1,115
7342013,5,2.5,2,2,215
6192598,6,1.5,3,3,250
8404684,4,1,1,1,480
3423746,4,1,2,2,160
7921171,4,1,1,2,119
8388422,4,1,1,1,398
6766418,2,1,1,1,79
8224677,4,1.5,1,1,62
7970775,3,1,1,1,120
6701026,4,1,1,1,60
5521395,4,1,2,2,100
1814851,2,1,1,1,68
5361229,4,1,1,2,95
5278479,9,2.5,3,6,399
6627277,4,2,2,2,125
2141766,2,1,0,1,95
331645,2,1,1,1,69
8541562,2,1,1,1,75
8125927,2,1,1,1,50
5820410,2,1,1,1,200
5911444,1,1,1,1,88
7896593,4,1,1,3,100
8125915,4,1,1,1,75
6118082,3,1,0,1,95
4946614,2,1,1,1,110
7388127,2,1.5,1,1,80
2896095,5,1.5,3,3,120
1186117,2,2,1,1,120
7886888,1,1,1,1,65
3897112,4,1,1,2,175
7264025,3,1,1,1,85
6731542,2,1,2,2,90
825284,4,1,1,1,125
4120125,2,1,1,1,95
3969267,8,2,3,7,300
4255171,2,1,1,1,110
5918615,6,2,2,3,249
4001087,3,1,1,1,200
7482775,1,1,1,1,90
4247114,2,1.5,1,1,64
8628262,8,2,3,4,200
8054815,2,1,1,1,130
7686088,2,1.5,1,1,65
6289049,2,1,1,1,128
8398495,2,1,1,2,79
1159439,3,1,1,1,95
5014903,4,1,1,2,129
6902964,4,1,1,2,110
4830144,4,1,1,1,85
6247860,3,1,1,2,85
5881837,4,1,1,2,90
5569578,4,1,1,2,120
5958252,3,1,1,1,100
8536780,2,1,1,1,150
5440112,2,2.5,1,1,110
4645274,2,1,1,1,150
6404784,2,1.5,1,1,72
3494073,2,1,1,1,88
6049863,4,1,1,2,110
4194598,2,1,1,1,100
8209601,1,1,1,1,100
4531035,4,1,1,2,150
3456779,4,1,1,1,110
304188,2,2,1,1,55
954211,4,2.5,2,3,200
8372234,15,4,5,9,245
1237045,2,2,1,1,49
426036,2,1,1,1,140
8390904,2,1,2,2,500
7785267,6,1,2,2,109
5048947,2,1,1,1,70
8088797,1,1,0,1,75
7380142,2,1,1,1,85
6310981,2,1,1,1,120
1552461,4,1,1,2,70
1528509,6,2.5,3,3,199
1037028,5,2.5,2,2,299
5690120,2,1,1,1,130
7770824,3,1,0,2,110
2257488,5,2,2,3,217
3053021,6,2,3,4,345
8328042,2,1,1,1,59
2464607,1,1,1,2,75
5865318,4,1,2,2,165
2153587,6,1,2,3,138
2645340,2,1,1,2,68
3186655,2,1,1,1,95
6447093,4,2,2,2,114
7048847,3,1,1,2,115
6089682,3,1,1,1,90
7982044,4,1,1,2,90
4066282,4,1,1,2,150
1183276,2,1,1,1,90
3157261,2,1,1,1,120
598629,2,1.5,1,1,85
8342535,2,1,1,1,30
4738092,2,1,0,2,95
5775881,2,1,1,1,60
5049624,2,1,1,2,85
7916840,2,1,1,1,50
5614895,2,1,0,1,120
3757962,3,2,2,1,140
1510726,4,1,2,1,299
7744854,3,1,1,1,85
2092403,6,2,2,3,175
8424836,6,1,2,2,165
2215303,4,1,1,2,54
6300619,2,1,1,1,49
4129767,4,1,1,2,129
1123343,3,1,1,1,110
3991069,4,1,1,2,150
722114,6,1,0,1,119
4137248,2,1,1,1,55
3827715,4,1,1,2,168
7292943,1,1,1,1,55
6870703,2,1,1,1,90
512086,2,1,0,1,105
5902707,2,1,1,1,109
3563677,2,1,1,1,85
6220027,3,1,1,1,120
2318183,2,1,1,1,104
723716,2,1,0,1,90
2575129,2,1,1,1,97
8383325,1,1,1,1,130
3311417,2,2.5,1,1,100
7351020,3,1,1,2,85
7784761,2,1,1,1,89
3230027,4,1,2,2,129
7547263,2,1,1,1,90
936467,1,1.5,1,1,67
5909022,3,1.5,1,2,89
5974591,2,1,1,2,63
6261332,2,1,0,1,65
8350826,3,2,3,2,120
3192,4,2,2,2,85
3026050,2,1,0,1,99
5969134,4,1,3,3,250
3681488,8,1.5,3,5,425
6040810,3,1,0,1,65
4082293,2,1,1,1,59
7760576,4,2,2,2,175
8153813,1,1,1,1,49
7867265,2,1,1,1,69
4508561,3,1,1,1,171
7621562,7,2.5,2,4,209
7245202,2,1,0,1,70
4157327,2,1,1,1,94
4370337,1,1,1,1,25
1045438,2,1,1,1,60
7302614,4,1,1,1,149
6401526,5,2,1,1,136
5819907,2,1,0,1,90
5844497,2,1,1,1,95
8482324,7,2,3,3,750
4517403,2,1,1,1,95
6950559,4,1,1,2,80
4710533,2,1,1,2,101
5800846,2,1,1,1,90
451854,1,1,1,1,40
4468461,4,1,2,2,124
8130859,2,1,1,1,75
4296274,2,1,1,1,70
3095149,2,1,1,1,85
7871516,2,2,1,1,70
4532829,2,1,1,1,109
6896225,3,1,1,2,98
147559,5,2.5,2,3,280
1048696,2,1,1,1,80
7413888,2,1,1,1,65
669077,2,1,1,1,65
882720,2,1,1,1,152
3455033,2,1.5,2,1,125
2201654,4,1,0,2,94
1284169,4,1,1,2,135
2333211,4,1,2,3,220
3082650,2,1,1,1,125
5774184,3,1,0,2,125
4774826,2,1,0,1,135
957387,4,1,1,2,143
2643773,2,1,1,1,149
1225896,2,1,1,1,100
7459476,2,1,1,2,115
5558709,2,1,0,1,100
4610513,2,1,0,1,148
1268184,2,1,1,1,90
793170,2,1,1,1,103
5929572,2,1,1,1,85
1210979,2,1,1,1,80
1997443,2,1,1,1,100
3907357,2,1,1,1,75
163115,6,2,2,3,250
3186601,2,1,1,1,115
5126873,2,1,1,1,48
7543598,4,1,1,2,120
760626,4,1,1,1,117
1792843,5,2,2,2,145
5127184,6,1,2,2,148
1628675,8,4.5,4,4,600
8551461,2,1,1,1,53
4733998,6,2,2,2,199
7157814,1,1,0,1,60
8322171,3,1,1,1,145
8355384,2,1,1,1,99
6250041,6,1,2,3,150
7581624,2,1,0,2,65
7142999,5,1,2,3,119
4652666,4,1,2,2,145
7724707,2,1,1,1,80
3489472,4,1,1,2,125
8289998,3,1,1,1,75
1474277,2,1,0,1,100
4758676,4,1,1,2,125
6986958,2,1,1,1,75
867571,1,1,1,1,90
5847593,2,1,1,1,115
581231,2,1.5,1,1,75
8322182,5,1,2,2,225
6273161,1,0.5,1,1,45
2692024,2,1,0,1,125
8256885,6,1,2,2,200
519587,4,1,1,1,90
8320383,1,,1,,40
4565955,5,2,2,2,258
4988597,2,1,1,1,65
8388086,2,1,1,1,49
76186,8,2,3,5,450
883653,8,2.5,3,4,325
8072054,3,1,1,1,150
7304678,2,1,1,1,50
7592092,2,2,1,1,56
6151170,7,1,1,3,178
1446230,2,1,,1,129
4708608,6,1,2,4,120
6782456,2,1,0,1,80
1732465,3,1,1,1,99
3248125,4,1,1,2,100
5952733,6,1.5,3,3,135
3771,2,1,1,1,125
8337838,1,1,1,1,55
7819250,2,1,1,1,79
5240901,3,1,2,2,99
867394,3,1,1,1,85
6371767,2,1,0,1,155
8373029,3,1,0,2,95
4965177,4,1,1,2,70
3147049,5,2,2,2,225
6103261,2,1,1,2,105
7562544,2,1,1,1,70
6120759,5,2.5,2,2,315
3806750,2,1,1,1,110
4374832,4,1,1,2,99
7577929,2,1,0,1,105
5812279,4,1,1,2,125
1212755,6,2,2,2,200
7482982,2,1,1,1,100
879378,2,1,1,1,119
1484223,4,2.5,3,3,220
3744387,2,1,1,1,75
3760789,2,1.5,1,2,160
8882,2,2.5,1,1,118
5767914,4,1,2,2,108
5782319,1,1,1,1,75
7513481,2,1,1,1,59
4967318,2,1,1,1,82
5007164,4,1.5,1,1,550
3802539,3,1,1,2,120
722397,4,1,1,2,110
8340985,8,2.5,5,5,300
7562798,4,1,0,2,85
6391427,8,1.5,3,3,279
5834313,2,1,1,1,180
1549929,4,2,2,2,279
2500661,2,1,1,1,65
4490898,6,2,3,5,190
837236,7,1,2,3,181
891852,5,1,1,2,125
4744922,2,1,0,1,93
1525484,1,1,1,1,100
26409,2,2.5,1,1,99
2336594,2,1,1,1,120
1047873,2,1,1,1,109
6485666,3,1,1,2,100
5933022,2,1,1,1,100
6391780,2,1.5,1,1,99
6850540,4,1,1,1,140
1036591,6,2.5,2,2,154
3993910,2,1,1,1,70
2593088,4,1,1,1,98
6729482,3,1,1,1,90
3651870,2,1,1,1,100
4468742,2,1,1,1,60
5525529,3,1,1,1,130
4427831,2,1,0,1,105
8499319,6,2,3,3,600
782970,3,1,1,1,250
8385169,2,1,1,1,75
2134738,4,1,1,2,99
6334601,10,4,6,8,499
5856530,2,1,0,1,110
7819406,2,1,1,1,69
1020108,2,1,1,1,85
4986881,2,1,1,1,85
3731682,1,1,1,2,150
8581470,12,4,5,6,595
8401270,4,2,2,2,160
2077043,3,1,1,1,145
889232,2,1,1,1,100
1692063,2,1,0,1,115
4293361,2,1,1,1,89
6222260,1,1,2,2,76
2134462,2,1,0,1,70
815571,6,1.5,3,3,329
881698,2,,1,1,100
5171563,2,1,0,1,100
2191886,2,1,1,1,100
2257433,2,1.5,1,1,149
4786272,2,1,0,1,89
5780038,4,1,1,2,119
2192222,2,1,1,1,100
1577818,3,1,1,1,109
316269,6,1,2,3,100
8353107,2,1,0,2,85
2544993,4,1.5,2,2,90
3757436,2,1.5,1,1,100
8353193,2,1,1,2,105
1488282,8,1,3,3,129
6551022,2,1,1,1,150
3625881,4,1,0,1,110
8614852,2,1,1,1,60
3019751,2,1,1,1,130
4180138,2,1,0,1,120
7427192,2,1,0,1,85
873603,3,1,1,2,110
7967888,3,1,1,1,60
2217136,2,1,1,1,72
6870879,4,1,1,1,99
8320890,3,1,1,2,120
6436732,2,1,1,1,95
3787732,1,1,1,1,60
956313,2,1,1,1,100
6625187,1,1,1,1,60
8189864,2,1,1,1,60
6870231,1,1.5,1,1,150
1287037,4,1,1,3,119
7032369,4,1,1,2,199
820108,3,1,1,1,139
8311693,4,1,1,2,50
8336988,6,2,2,3,175
6018665,1,1.5,1,1,85
7706238,1,1,1,1,45
7274483,3,1,0,2,95
6051494,2,1,1,1,115
4296230,2,1,1,1,75
669941,5,1,1,1,120
7633170,4,1,1,2,119
2259215,6,2,2,3,209
5985967,3,1,1,1,96
4252321,2,1,1,1,139
251640,1,1,1,1,65
3200775,2,1,1,1,190
3757837,2,1,1,1,85
8132379,2,1,0,1,90
505617,2,1,1,1,80
1185566,8,3.5,4,4,325
5904344,2,1,1,1,89
4519926,2,1,1,1,66
8419348,5,1,2,3,145
6554674,1,1,1,1,54
1328195,3,1,3,3,165
6209704,4,2,2,2,225
8274090,4,2.5,2,2,399
4325560,4,2,2,2,179
32955,1,1,1,1,35
1876163,1,1,1,1,80
1868037,5,2,1,2,85
2786134,2,1,1,1,100
3175218,4,1,1,2,109
8283006,6,1,1,2,150
1024905,2,1,1,1,129
7742346,2,1,1,1,75
1090501,3,1,0,2,89
2874685,2,1,0,1,99
8035648,6,1,2,4,160
6467467,6,1,2,4,175
2538828,2,1,1,1,120
5954909,2,1,1,1,95
8404345,4,1,1,2,109
286083,4,1,1,1,189
6004138,1,1.5,1,1,200
6143406,1,1,1,1,31
4555168,2,1,1,1,80
4694932,4,1,0,1,100
3120624,2,1,0,1,110
2514466,2,1,1,1,90
4988452,2,1.5,1,1,50
2342445,2,1,1,1,120
8257077,2,1,1,1,75
7257920,4,1,1,3,100
8470348,2,1,1,1,54
6403405,1,0.5,1,1,50
8521055,2,1,1,1,100
8257637,2,1,0,1,80
852913,5,1,2,2,300
67483,4,1,1,1,109
4227430,2,1,1,1,55
7579872,2,1,0,1,92
7132136,3,1,0,1,98
7983141,2,1,1,1,60
8667110,3,1,1,1,95
8349389,2,1,1,1,125
6957253,4,2,2,3,200
1284193,2,1,1,1,125
6740080,7,2.5,3,3,150
6355076,1,1,1,1,49
8616083,2,1,1,1,135
6748312,3,1,1,1,250
7821473,2,1,0,2,87
6912189,2,1.5,1,1,75
5413059,2,1,0,1,101
6461833,4,2,2,2,267
2546015,5,1,2,2,175
6625673,6,1,2,5,175
3742100,2,1,1,1,105
5030319,4,1,1,1,115
4555193,4,1,1,3,144
2117396,1,1,1,1,90
5022161,2,1,1,3,155
7324108,3,1,1,2,125
66004,2,1.5,1,1,119
883832,4,1,1,1,105
8420099,2,1,1,1,87
5113688,2,1.5,1,1,50
837470,4,1,1,2,79
7718761,1,1,1,1,46
7694188,4,1,1,3,109
837491,6,2,3,3,499
2468252,3,1,0,2,100
8300958,6,2,2,4,175
4303297,2,1,0,1,130
6899644,4,1,1,2,90
2189251,2,1,1,1,55
6389609,2,1,1,1,65
5966834,2,1,1,1,87
2481127,2,1,1,1,80
7921362,4,1,1,2,149
56981,2,2.5,1,1,105
56976,2,2.5,1,1,95
2399489,1,1,1,2,75
2906774,3,1,1,1,115
6071405,6,1,3,3,150
5503977,2,1,0,1,105
949196,4,1,1,1,85
4741982,3,1,1,1,125
8444298,4,2.5,2,2,500
4408378,6,2,2,3,209
5560667,6,2,2,4,295
4634946,2,1.5,1,1,64
7001852,3,1,1,2,134
7788831,4,1,1,1,104
1422933,1,1,1,1,95
8672811,2,1,1,1,85
7345377,4,1,0,1,109
2282722,2,1,0,2,95
6387638,4,1,2,2,195
2138541,2,1,1,1,99
3487589,2,1,0,1,70
784186,5,2,2,2,249
4439236,1,1,1,1,111
1124892,2,1,1,1,65
2086403,6,3.5,3,4,395
7688271,2,1,2,2,65
7074187,3,1,1,1,126
8424897,1,1,1,1,90
2051506,2,1,1,1,120
4820389,2,1,1,1,70
7286062,6,1.5,3,4,126
8065191,2,1,1,1,65
4885488,3,2.5,2,1,139
7089750,2,1,1,2,80
2336948,2,1,1,1,115
1157119,2,1.5,1,1,65
7023027,5,1,1,3,120
8318020,2,1,1,1,89
3925750,2,1,1,1,80
6317776,8,2,3,6,300
1484387,2,1,1,1,105
3167878,4,1,1,2,115
4531117,3,1,1,1,140
4847104,2,1,1,1,50
2768844,4,1,0,1,90
56977,2,1,1,1,140
3718761,2,1,1,1,110
6061140,8,2.5,3,3,199
5969705,2,1,1,1,85
6483096,2,1.5,0,1,110
7679092,2,1,1,1,125
7645757,2,1,1,1,95
1854004,3,1,1,1,99
4631075,3,1,1,1,129
7743874,2,1,1,1,65
6515561,2,1,1,1,115
4621062,4,1,3,2,149
3760712,2,1.5,1,1,135
1761677,8,1.5,4,4,325
8126524,2,1,0,1,100
6414342,2,1,1,1,79
4355133,2,1,1,1,95
8426333,4,2,2,1,200
8352200,7,2,2,3,375
889179,2,2.5,1,1,75
7245977,4,1,1,2,114
6968006,2,1,1,1,115
8311492,6,2,3,6,"2,000.00"
1273717,4,1.5,2,2,200
864912,1,1,1,1,89
7950149,6,2,2,2,150
2494782,4,2.5,3,2,150
4558902,3,1,1,1,85
6317282,6,1,2,5,175
1041543,3,1,1,2,70
6538226,4,1,1,2,99
4301665,5,2,2,2,125
6268843,2,1,1,1,49
6645957,5,1,1,2,79
4516264,2,1,0,1,99
8402248,2,1,1,1,70
4535738,3,1,1,1,101
4624605,3,1,0,1,99
3575029,5,1,2,3,119
1467123,6,1,1,2,100
8326850,6,3.5,3,3,"1,400.00"
7894993,6,1,2,3,175
4414853,8,2.5,3,4,220
8593444,1,1,1,1,60
6348926,3,1,0,1,91
8380906,4,1,2,2,160
8381377,2,1,1,1,110
2524166,3,1,1,2,75
6939862,2,1,1,1,65
8421685,2,1.5,1,1,500
7348546,2,1,1,1,100
7258691,2,1,1,1,79
7651993,1,1.5,1,1,80
7849229,2,1.5,1,1,55
2033421,2,1,1,1,65
7677423,3,1,1,2,70
8210016,2,1,1,1,185
1042102,2,1,1,1,75
3237702,2,2,1,2,85
4111432,6,1,3,3,130
1796268,2,1,1,1,84
8383335,2,1.5,1,1,45
10582,9,2.5,4,6,203
2520807,6,2,2,2,160
8211166,2,1,1,2,120
8564372,6,3,6,6,250
7901004,2,1.5,1,1,80
4386141,2,1,1,2,60
5821105,6,1.5,3,3,229
6673122,2,1.5,1,1,67
3912498,2,1,0,1,115
8147767,4,1,1,2,80
8064547,2,1,1,1,250
792273,2,1,1,1,72
7346509,1,1,1,1,175
7731205,2,1,1,1,55
6092977,2,1,1,1,60
3963063,2,1,1,1,65
2243396,5,1,1,4,105
3119991,3,1,0,2,98
7518723,9,2.5,4,6,155
5978763,4,1,1,1,84
2145532,4,1,1,2,95
5585693,2,1,1,1,89
6687817,2,1,0,1,65
900225,4,1.5,2,3,200
6429921,2,1,0,1,100
8248882,6,1,2,3,225
6209390,2,1,1,1,45
1875762,5,1,1,2,125
8211683,12,3.5,4,7,599
5585795,2,1,1,2,89
7853456,2,1,1,1,120
1248752,10,4.5,4,4,225
5904077,4,1,1,2,110
8210600,2,1,1,1,185
4082155,4,1,1,1,105
2404519,2,1,1,1,65
2114314,5,1,0,3,80
5104933,2,1,1,1,75
1542571,1,1,1,1,50
4872525,5,2.5,3,3,268
1845747,3,1,1,1,75
8309759,10,4,4,7,500
3812797,1,1,1,1,85
1839803,4,1,1,3,68
8320206,5,2,3,3,250
8090702,1,1.5,1,1,43
7528130,4,1,0,2,65
7913224,1,1,1,1,49
6187183,8,1,3,4,125
2606027,4,1,1,2,90
6885692,3,2.5,2,2,90
1311846,1,1,1,1,50
6724716,2,1,1,1,130
6739202,1,1,1,1,104
480584,4,1,1,1,155
6767319,2,1,1,1,60
5785715,2,1,1,1,89
4332910,5,1,2,2,130
8016095,2,1,1,1,55
4886946,4,2,1,1,100
6304222,4,2,1,2,155
8479494,12,6,6,6,"2,000.00"
2847596,2,1,1,1,125
3912554,4,1,1,3,185
406435,5,1,1,2,148
3798527,2,1,0,1,100
8336555,1,1,1,1,40
14218,3,1.5,1,1,69
808830,6,2.5,1,4,99
4217054,1,1,1,1,50
3757769,4,1,1,2,175
7527394,2,1,1,1,150
7633902,2,1,1,1,79
4604242,2,1,1,1,900
3742207,2,1,1,2,65
3241136,1,1.5,1,2,150
3469159,8,2,2,3,170
3997435,2,1,1,1,90
985667,1,1,1,1,89
7912958,3,1,1,2,35
3604325,2,1,1,1,80
4652944,2,1,1,1,60
3186497,2,1,1,1,69
6377216,1,1,1,1,50
7801184,3,1,1,1,57
3852458,2,1,0,1,139
8288189,2,2,1,2,100
4655966,2,1,0,2,80
6957417,2,1,1,1,90
2361844,4,1,0,2,95
11785,6,1,1,4,113
7172400,1,1,1,1,80
8540466,5,2,1,2,450
8011859,2,1,1,1,100
2785501,4,1,1,1,115
12442,2,1.5,1,1,69
4605084,3,1,1,1,80
4841807,3,1,1,3,120
17131,3,1.5,1,1,69
2474798,3,1,1,2,99
853267,4,1,1,1,95
8324409,2,1,0,2,68
7310361,4,1,1,2,100
6859641,2,1,1,1,140
8068417,4,2.5,2,3,170
5577255,3,1,1,1,105
7509652,2,1,1,1,67
7967991,7,1,3,4,400
7818890,3,1,0,1,75
8506781,2,1,1,1,150
6434063,2,1,0,1,110
6236460,5,2,3,3,150
7214576,3,1,0,1,64
2806375,2,1,0,1,200
6066505,2,1,0,1,70
7850696,1,1,1,1,80
3674744,2,1,0,1,97
3137611,2,1,1,1,125
4538906,9,2.5,4,5,400
8327542,1,1,0,1,54
1646789,1,1,1,1,75
4558222,2,1,0,1,99
3146112,1,1,1,1,70
8495695,2,1,1,1,75
3385117,2,1,1,1,140
1279381,2,1,0,1,160
8422861,3,1,1,1,139
6555160,4,1,0,1,95
7620222,4,1,1,1,115
7563777,2,1,1,1,95
8391049,6,3,3,3,500
7919489,3,1,1,1,95
6359927,5,1,2,2,175
6327217,2,1,0,1,99
4486029,2,1,0,1,85
2454328,2,1,1,1,115
5229626,6,1.5,3,3,435
7368607,2,1,1,1,125
3870439,4,1,1,2,98
7598367,4,1,1,2,119
8499215,2,1,1,1,80
6983795,2,1,1,1,90
1880662,2,1,1,1,149
7235155,3,1,0,2,105
8286374,2,1,1,1,125
7885034,3,1,1,2,50
2060689,1,1,1,1,99
8410662,2,1,0,1,70
2959554,2,1,1,1,120
7997888,4,1,1,2,99
5240760,4,1,1,2,185
2537740,6,1,1,3,150
4776626,2,1,1,1,150
8688666,1,1,1,1,96
6625633,2,1,1,1,79
4790739,2,1,0,1,150
7756253,4,1,1,1,109
8625810,2,1,0,1,100
2932425,3,1,1,1,120
8568527,2,1,0,1,100
4341040,2,1,1,1,150
7102311,2,1,0,1,115
4393619,2,1,1,1,200
7614182,2,1,1,1,95
464177,2,1,1,1,205
5172287,2,1,1,1,100
8467205,2,1,0,1,99
6965929,4,1,1,1,104
3604214,2,1,1,1,89
6741707,3,1,1,1,125
5183981,4,1,1,2,115
6993463,4,1,2,2,185
7457015,2,1,1,1,85
6850415,2,1,0,1,99
4156199,2,1,1,1,125
4108099,2,1,1,1,66
6505871,3,2,2,2,150
8402121,5,1,1,1,69
2553179,5,1,2,3,250
1573965,6,2.5,2,3,350
1550414,6,2.5,3,3,440
7273523,2,1,0,1,100
6569449,2,1,1,2,169
8505959,2,1,1,1,120
5393414,4,1,1,2,190
2690487,4,1,1,1,120
4484805,1,1,1,1,85
6131772,2,1,1,1,170
7516582,6,2,2,3,250
3877036,2,2,1,1,129
6001758,10,1,3,5,289
1880860,2,1,1,1,75
7952028,8,1.5,3,4,250
2019877,3,2,2,2,159
1203797,4,1,2,3,165
8462303,4,1,2,2,205
8347485,1,1.5,1,1,65
597862,1,0,1,1,58
1582862,4,1,1,1,150
3016490,2,1,1,1,100
542144,2,1,1,1,140
8144338,2,1,0,1,60
8500817,2,1,1,1,80
7177757,2,1,1,1,109
1336920,2,1,1,1,130
2745958,2,1,1,1,109
4523651,10,3.5,4,6,499
3876473,3,1,0,2,85
2197591,2,1,0,1,125
4627958,1,1,0,1,90
4351658,5,1,1,3,160
6186712,4,1,0,2,150
5801793,6,1,2,3,175
2791050,2,1,1,1,80
4106108,4,1.5,2,2,239
5654438,9,1.5,3,6,375
7678383,6,2.5,3,3,500
1272280,2,1,0,1,90
2277705,4,1,1,2,115
1628033,6,2.5,2,3,285
7366633,4,1,1,2,140
6506289,2,1,1,1,125
6865295,4,1,1,2,140
1804790,4,1,1,2,125
4920183,6,2,2,3,295
6042975,2,1,1,1,90
6116718,2,1,1,1,175
4386376,5,1.5,2,2,170
570271,2,2.5,1,1,115
1570233,8,1.5,3,5,299
865732,6,,3,,"2,000.00"
851813,4,1.5,1,1,130
2935432,6,2.5,3,2,500
4516496,2,2,1,1,121
4688522,3,1,1,1,94
7899801,2,1,1,1,85
867443,2,1,1,1,114
7965382,6,1.5,2,2,205
5910300,2,1,1,1,200
6212460,2,1,1,1,185
2247557,2,1.5,1,1,185
4631448,4,1,1,2,200
1625069,2,1,1,2,217
4859500,2,1,1,1,89
757283,3,1,1,1,125
7134183,4,1,1,2,134
6777868,4,1,1,1,46
2708624,6,1,2,3,200
4738113,8,2.5,4,5,350
8064332,4,1,1,2,175
5705067,2,1,1,1,125
4616068,5,1,1,4,159
5476272,6,1,2,2,140
4255687,4,1,1,1,175
5025784,4,1,1,2,95
4050343,2,1,1,1,109
1075426,6,2,3,4,253
7433674,2,1,0,1,100
93649,4,2,2,3,220
3624418,9,2,4,7,300
175581,2,1,1,1,135
1871347,2,2,1,1,70
1109640,3,1,,1,150
4878010,2,1,1,1,65
7482762,6,2.5,3,4,295
8023867,2,1,0,1,110
5820228,3,1,1,1,160
7360343,4,1,2,2,130
1560567,6,2,2,2,245
409582,6,1,1,3,191
5535618,3,1,1,1,229
55313,3,1,1,1,150
7860331,2,1,1,1,75
7074398,2,1,1,1,150
1856121,4,1,0,3,125
373462,8,1.5,3,3,175
863853,4,1,0,1,129
3125615,4,1,1,1,115
2716032,6,2.5,2,2,115
6975970,2,1,1,2,120
6072414,13,4.5,5,5,295
2814727,4,1,1,2,100
8426302,6,1,2,3,220
8098656,6,3.5,3,2,350
7383487,5,1.5,2,2,230
5568967,5,1.5,1,3,180
7617236,6,2.5,3,3,375
2135973,2,1,1,1,95
4643145,2,1,1,1,135
6878432,4,1,1,3,175
1856775,2,1,1,1,150
6690084,1,1,1,1,165
7664962,4,1,1,2,118
8057780,2,1.5,1,1,130
4249206,4,1,1,2,125
7018113,5,2.5,3,3,265
8444140,2,1,1,1,125
1270729,6,2.5,2,2,235
3708613,4,1,0,2,149
6059738,6,3.5,3,4,220
7911161,4,2,2,2,500
79610,2,1,1,1,128
2217744,3,1,1,2,200
5593060,2,1,1,1,120
3635540,4,1,1,2,120
2889743,4,1.5,2,2,175
6346804,2,1,1,1,100
4069444,6,1.5,3,3,350
6133914,2,1.5,1,1,140
5642436,2,1,1,1,150
4708560,6,1.5,2,3,200
1055337,3,1,0,1,145
5151049,1,1,1,1,85
5495175,4,1,2,2,250
6290314,1,1,1,1,90
5905310,4,1,1,1,195
736164,3,1,1,1,120
2380536,2,1,1,1,150
7879610,4,2,1,2,90
5835253,2,1,1,1,50
4162625,2,1,1,1,145
7150589,2,1,1,1,96
8067837,2,1,1,1,115
876290,2,1,1,1,100
1202878,3,1,1,1,139
5029761,4,1.5,1,2,99
8624944,4,1,1,3,180
4987933,2,1,1,1,105
6102073,3,1,1,1,149
2060129,4,1.5,2,2,175
6044794,5,1.5,2,3,199
1883256,11,2.5,3,6,180
5790304,6,3.5,4,4,350
2637385,6,2,2,3,280
1818214,3,1,1,1,195
4882039,4,1,1,2,149
4218528,2,1,1,1,110
1433344,8,3,3,3,269
6543894,3,1,1,2,99
4848795,1,1,1,1,75
4848799,2,1,1,1,120
4873382,5,1.5,2,3,139
7290056,4,1,1,2,105
458046,8,2.5,3,4,300
7896442,6,1.5,2,3,210
1569233,4,1,1,2,133
6375286,4,1,1,1,105
3061419,1,1.5,1,1,85
949768,4,1,2,2,250
4325183,3,1,0,1,85
4611964,6,1,2,3,250
8224749,4,1,1,1,160
8150930,2,1,1,1,100
1965122,4,1,0,2,135
1826731,7,2.5,4,3,105
8336713,2,1,1,1,250
5868131,2,1,1,1,75
7950443,2,1,1,2,100
7578215,8,3.5,4,4,475
7786195,3,1.5,2,2,135
1683808,4,1,0,3,90
918122,4,1,1,2,90
3721363,2,1,0,1,180
3869590,2,2,1,1,110
5405826,2,1.5,1,1,70
3029037,6,1.5,3,4,275
3172600,4,1,2,2,250
2476761,4,1,0,2,135
4499968,3,1,0,1,175
5648073,10,3.5,4,5,"1,000.00"
1035762,2,1,1,1,70
8426529,4,1,1,2,200
3847797,6,2,3,3,325
3348827,4,1,1,1,150
7076206,5,1,0,4,110
881083,3,2,1,1,200
7783179,2,1,1,2,80
1550850,2,1,1,1,98
10766,2,2.5,1,1,95
878350,2,1,1,1,95
6777970,2,1,1,1,44
5164213,3,1,1,2,80
355527,3,1,1,2,175
8497286,2,1,1,1,275
4648193,2,1,0,2,100
2842757,4,1,3,2,120
4375603,2,1,0,1,115
4088890,3,1,1,2,175
5850173,2,1,1,1,150
4595728,4,1,1,1,110
2474009,1,1.5,1,1,100
7675955,1,1,1,2,50
4135113,2,1,1,1,104
7930288,4,1,1,2,125
4645378,4,1,2,2,199
1573399,5,1,2,3,135
4801046,3,1,1,1,114
4055607,4,1.5,2,2,190
4579903,2,1,1,2,125
7037986,5,1,2,2,212
1631278,2,1,0,1,225
1098825,2,1,1,1,125
296028,4,1,1,2,129
5532035,6,1.5,2,2,200
3711222,2,1,1,1,150
8495364,2,1,1,1,115
5733371,6,1.5,3,4,200
4588369,3,1,1,1,99
4236172,4,1,2,2,170
1549208,7,2.5,3,4,535
3362978,1,1,1,1,85
4342809,2,1,1,1,90
837148,5,1,1,2,175
4303734,4,2.5,2,2,199
4932842,2,1,1,1,100
1697018,5,2.5,3,3,250
4777213,2,1,1,1,95
2367820,4,1,0,2,160
6940047,2,1,0,1,175
6693444,1,1,1,1,42
4416095,2,1,1,1,80
4366438,2,1,1,1,108
6836332,4,1.5,2,2,150
246413,3,1,1,2,90
7783139,1,0,1,1,80
4580159,4,1,1,2,185
5383462,2,1,1,1,90
9546,2,1,1,1,120
525672,4,1,1,1,105
7882104,4,1,0,2,100
3798521,2,1,1,1,95
5846558,3,1,1,1,119
7500700,2,1,1,1,90
5149610,6,1.5,2,2,250
7951290,2,1,1,2,100
2250311,2,1,0,1,165
4494338,4,1,1,2,123
6501477,8,3.5,3,5,350
7760060,2,1,1,2,100
8320112,6,1.5,3,3,350
6444151,2,1,1,2,99
7220755,6,1,2,3,186
6821002,4,1,1,2,180
382111,4,1,1,2,175
6774035,2,1,1,1,125
8385744,2,1,1,1,70
4020074,2,1,1,1,150
3897663,4,1,2,3,293
7217382,1,1,1,1,109
6813612,1,1,1,1,100
7774127,6,2.5,2,4,125
3775840,4,1,1,2,145
1048797,2,1,1,1,70
8440178,3,1,1,2,75
1538123,2,1,1,2,180
4885990,4,1.5,3,2,220
1871848,4,1,2,3,189
8474523,2,1,1,1,90
3720857,4,1.5,2,2,250
1574259,6,2,2,2,365
2559176,6,2,1,3,275
4091066,5,1,1,2,97
453159,6,2,2,2,159
6832557,3,1,0,1,135
1517852,2,1,1,1,99
879105,2,1,1,1,129
2038472,2,1,0,1,120
3103276,2,1,1,2,70
6589162,4,1,1,2,165
6227307,5,1,3,3,125
5838653,3,1,1,1,109
3761244,1,1,1,1,139
8505059,5,1,1,1,150
5894847,7,2,3,3,285
1544877,4,1,1,2,135
1806338,2,2,1,1,79
1817907,6,1,2,3,275
4223238,2,1,1,1,179
7837187,3,1,0,1,110
